Training step	Initial state	LSTM kernel	Key layer	Value layer	Query layer	QK projection	Word embedding	Output layer	Overall	Target
708	0	0	0	0	0	0	0	0.0000039	0.0000017	0.975
1062	0	0	0	0	0	0	0	0.00001	0.0000043	0.975
1593	0	0	0	0	0	0	0	0.0000259	0.0000111	0.975
3186	0	0.0000015	0	0	0	0	0	0.0000951	0.0000411	0.975
3540	0	0.000003	0	0	0	0	0	0.0001141	0.0000495	0.975
3894	0	0.0000134	0	0	0	0	0	0.0001347	0.0000606	0.975
4425	0	0.000037	0	0	0	0	0	0.000159	0.0000762	0.975
4956	0	0.0000671	0	0	0	0	0	0.0001823	0.0000929	0.975
5310	0	0.0000885	0	0	0	0	0	0.0001996	0.000105	0.975
6903	0	0.0002044	0	0	0	0.0097656	0.0000004	0.0002737	0.0001627	0.975
7434	0	0.0002499	0	0	0	0.0234375	0.0000004	0.0002951	0.0001824	0.975
7611	0	0.0002571	0	0	0	0.0273438	0.0000004	0.0003047	0.0001883	0.975
8319	0	0.0003158	0	0	0	0.078125	0.0000004	0.0003415	0.0002192	0.975
9204	0	0.0003712	0	0	0	0.1757812	0.0000012	0.0003824	0.0002532	0.975
9558	0	0.0004009	0	0	0	0.2382812	0.0000012	0.0004023	0.000271	0.975
9735	0	0.0004097	0	0	0	0.2714844	0.0000016	0.0004106	0.000278	0.975
10089	0	0.0004383	0	0	0	0.3359375	0.0000016	0.0004284	0.0002947	0.975
10266	0	0.0004452	0	0	0	0.3535156	0.000002	0.0004384	0.0003013	0.975
10620	0	0.0004681	0	0	0	0.390625	0.0000032	0.000456	0.0003157	0.975
12567	0	0.0005978	0	0	0	0.5136719	0.0000047	0.000549	0.0003897	0.975
14514	0	0.0007187	0	0	0	0.6054688	0.0000071	0.0006437	0.0004613	0.975
14691	0	0.000729	0	0	0	0.609375	0.0000075	0.0006555	0.0004689	0.975
14868	0	0.0007404	0	0	0	0.6054688	0.0000075	0.0006664	0.0004759	0.975
15576	0	0.0007824	0	0	0	0.6152344	0.0000086	0.000701	0.0005006	0.975
16107	0	0.0008121	0	0	0	0.6347656	0.0000094	0.0007266	0.0005192	0.975
16284	0	0.000824	0	0	0	0.6289062	0.0000098	0.000737	0.0005261	0.975
17523	0	0.0008941	0	0.0000023	0	0.6425781	0.0000122	0.0007882	0.0005646	0.975
18054	0	0.0009239	0	0.0000023	0	0.65625	0.000013	0.0008152	0.0005835	0.975
18762	0	0.0009685	0	0.0000023	0	0.6660156	0.0000149	0.0008456	0.0006071	0.975
18939	0	0.0009819	0	0.0000023	0	0.6679688	0.0000153	0.0008543	0.0006139	0.975
19116	0	0.0009865	0	0.0000023	0	0.6738281	0.0000157	0.0008652	0.00062	0.975
20355	0	0.0010772	0	0.0000164	0	0.6777344	0.0000169	0.0009172	0.0006632	0.975
20709	0	0.0010986	0	0.0000187	0	0.6777344	0.0000173	0.0009327	0.0006747	0.975
22479	0	0.0012207	0	0.0000516	0	0.6914062	0.0000216	0.0010136	0.0007389	0.975
23010	0	0.0012611	0	0.000061	0	0.6953125	0.0000243	0.0010436	0.0007617	0.975
23541	0	0.0012985	0	0.0000681	0	0.703125	0.000024	0.0010687	0.0007812	0.975
23718	0	0.0013111	0	0.0000751	0	0.703125	0.0000255	0.0010756	0.0007875	0.975
24957	0	0.0013927	0	0.0001338	0	0.7089844	0.0000275	0.0011348	0.0008336	0.975
25311	0	0.0014153	0	0.0001455	0	0.7089844	0.0000283	0.0011507	0.0008459	0.975
28320	0	0.0016491	0	0.0002958	0.0000076	0.7207031	0.0000381	0.0012944	0.0009671	0.975
28497	0	0.001659	0	0.0003051	0.0000076	0.7207031	0.0000381	0.0013046	0.0009739	0.975
28674	0	0.0016723	0	0.0003075	0.0000076	0.7226562	0.0000381	0.0013179	0.0009828	0.975
30267	0	0.0017986	0.0000023	0.0003826	0.0000114	0.7207031	0.0000424	0.0013785	0.0010402	0.975
30975	0	0.0018612	0	0.0004225	0.0000153	0.7226562	0.0000436	0.0014111	0.0010697	0.975
31152	0	0.0018761	0.0000023	0.0004272	0.0000153	0.7226562	0.0000436	0.0014215	0.0010777	0.975
32214	0	0.0019634	0.0000023	0.0004789	0.0000191	0.7226562	0.0000451	0.0014734	0.0011214	0.975
32745	0	0.0020088	0.0000023	0.0005187	0.0000191	0.7246094	0.0000463	0.0014991	0.0011441	0.975
32922	0	0.0020294	0.0000023	0.0005305	0.0000191	0.7226562	0.0000467	0.0015106	0.0011541	0.975
33453	0	0.0020824	0.0000046	0.000561	0.0000191	0.7265625	0.0000502	0.0015342	0.0011779	0.975
34338	0	0.0021652	0.000007	0.000615	0.0000191	0.7265625	0.000053	0.0015758	0.0012165	0.975
34515	0	0.0021797	0.0000094	0.0006362	0.0000191	0.7265625	0.0000538	0.0015863	0.0012252	0.975
35577	0	0.0022827	0.0000141	0.0007113	0.0000191	0.7265625	0.0000565	0.0016289	0.0012696	0.975
35754	0	0.0022972	0.0000141	0.000716	0.0000229	0.7265625	0.0000561	0.0016344	0.0012752	0.975
36816	0	0.0023956	0.0000141	0.0007864	0.0000305	0.7265625	0.0000581	0.0016871	0.0013226	0.975
37347	0	0.0024502	0.0000164	0.0008216	0.0000305	0.7265625	0.0000608	0.0017116	0.0013471	0.975
38232	0	0.0025494	0.0000187	0.0009108	0.0000305	0.7246094	0.0000643	0.0017569	0.0013922	0.975
38940	0	0.0026287	0.0000211	0.0009601	0.0000343	0.7246094	0.0000671	0.0017961	0.001429	0.975
39117	0	0.0026501	0.0000187	0.0009742	0.0000381	0.7265625	0.0000679	0.0018049	0.0014382	0.975
39648	0	0.0027061	0.0000234	0.0010399	0.0000381	0.7246094	0.000069	0.0018304	0.0014642	0.975
39825	0	0.0027149	0.0000234	0.001061	0.000042	0.7265625	0.0000698	0.0018404	0.0014715	0.975
40356	0	0.0027752	0.0000281	0.001101	0.0000381	0.7265625	0.0000718	0.0018663	0.0014977	0.975
40710	0	0.0028179	0.0000281	0.0011479	0.0000381	0.7246094	0.0000718	0.0018863	0.0015173	0.975
41772	0	0.0029449	0.0000305	0.001216	0.000042	0.7265625	0.000073	0.0019336	0.0015684	0.975
41949	0	0.0029731	0.0000328	0.0012371	0.0000458	0.7285156	0.0000734	0.0019422	0.0015795	0.975
42126	0	0.0029934	0.0000328	0.0012441	0.0000496	0.7285156	0.0000737	0.0019512	0.0015882	0.975
42303	0	0.0030094	0.0000305	0.0012676	0.0000572	0.7285156	0.0000737	0.0019543	0.0015939	0.975
43011	0	0.0030914	0.0000328	0.0013357	0.0000534	0.7265625	0.0000741	0.0019863	0.0016281	0.975
43542	0	0.0031524	0.0000376	0.0014014	0.0000458	0.7285156	0.0000757	0.0020168	0.0016574	0.975
43896	0	0.0032028	0.0000422	0.001446	0.0000496	0.7285156	0.0000777	0.0020323	0.0016774	0.975
46197	0	0.0034927	0.0000446	0.0017207	0.0000839	0.7304688	0.0000824	0.0021482	0.0018026	0.975
46551	0	0.003537	0.0000446	0.00177	0.0000954	0.7304688	0.0000824	0.0021694	0.0018234	0.975
46905	0	0.0035736	0.0000469	0.0018076	0.0001106	0.7304688	0.0000831	0.0021847	0.0018399	0.975
48852	0	0.0038562	0.0000587	0.0021104	0.0001526	0.7304688	0.0000894	0.0022905	0.001961	0.975
49206	0	0.003907	0.0000704	0.0021644	0.000145	0.7304688	0.0000914	0.0023041	0.0019805	0.975
49383	0	0.0039265	0.0000657	0.0021902	0.0001526	0.7285156	0.0000914	0.0023161	0.0019908	0.975
49737	0	0.0039848	0.0000704	0.0022512	0.000164	0.7285156	0.0000921	0.0023349	0.0020145	0.975
49914	0	0.0040047	0.0000727	0.002277	0.0001678	0.7304688	0.0000926	0.002341	0.0020227	0.975
50622	0	0.0041035	0.0000774	0.0023921	0.0001869	0.7324219	0.0000949	0.0023741	0.0020639	0.975
51153	0	0.0041938	0.0000845	0.0024836	0.0001907	0.7324219	0.0000961	0.002397	0.0020975	0.975
51861	0	0.0042957	0.0000845	0.0026104	0.0001984	0.7324219	0.0000988	0.0024306	0.0021396	0.975
52746	0	0.0044342	0.0000915	0.002777	0.0002174	0.734375	0.0001051	0.0024788	0.0021988	0.975
53100	0	0.0044883	0.0000962	0.0028452	0.0002289	0.734375	0.0001063	0.0024929	0.0022199	0.975
53277	0	0.0045185	0.0000939	0.0028545	0.0002289	0.734375	0.0001075	0.0025057	0.0022324	0.975
53631	0	0.0045708	0.0000986	0.0029203	0.0002403	0.734375	0.0001098	0.0025253	0.0022556	0.975
55047	0	0.0048271	0.0001103	0.0031996	0.0002556	0.7324219	0.0001126	0.0026133	0.002361	0.975
55401	0	0.0048885	0.0001103	0.0032677	0.0002632	0.734375	0.0001137	0.0026325	0.0023857	0.975
55578	0	0.0049122	0.0001127	0.0033053	0.0002708	0.734375	0.0001153	0.0026435	0.0023975	0.975
55755	0	0.004948	0.0001127	0.0033311	0.0002747	0.734375	0.0001153	0.0026505	0.0024094	0.975
56109	0	0.0050171	0.0001244	0.0033874	0.0002785	0.734375	0.0001153	0.0026751	0.0024376	0.975
58233	0	0.0054047	0.0001502	0.0037865	0.00037	0.734375	0.0001224	0.0027899	0.0025908	0.975
58587	0	0.0054718	0.0001502	0.0038475	0.0003738	0.734375	0.0001247	0.0028028	0.0026139	0.975
58764	0	0.0055038	0.0001479	0.0038921	0.0003815	0.734375	0.0001239	0.0028092	0.0026252	0.975
59295	0	0.0056145	0.0001572	0.0039884	0.0004234	0.734375	0.0001251	0.0028366	0.0026662	0.975
59472	0	0.0056499	0.0001596	0.0040142	0.0004196	0.734375	0.0001255	0.0028487	0.0026802	0.975
60003	0	0.0057606	0.0001713	0.0041128	0.0004349	0.734375	0.0001271	0.0028793	0.0027223	0.975
60180	0	0.0057892	0.000169	0.0041668	0.0004349	0.734375	0.0001283	0.002888	0.0027344	0.975
60357	0	0.0058296	0.000176	0.0041808	0.0004311	0.734375	0.000129	0.0028944	0.0027469	0.975
60534	0	0.0058616	0.0001784	0.0042138	0.0004578	0.734375	0.000131	0.002907	0.0027616	0.975
61065	0	0.0059673	0.0001807	0.0043076	0.0004921	0.734375	0.0001338	0.0029336	0.0028011	0.975
61242	0	0.0060074	0.0001807	0.0043499	0.0004921	0.734375	0.0001338	0.0029438	0.0028158	0.975
61596	0	0.0060829	0.0001878	0.0044438	0.0005264	0.734375	0.0001365	0.002964	0.002846	0.975
61773	0	0.0061352	0.0001925	0.0044743	0.0005569	0.734375	0.0001369	0.0029754	0.0028644	0.975
62127	0	0.0061962	0.0002018	0.0045518	0.0005608	0.734375	0.0001392	0.0029948	0.0028898	0.975
63189	0	0.0064175	0.000223	0.0047443	0.0006447	0.734375	0.0001435	0.0030581	0.002976	0.975
63366	0	0.006456	0.0002253	0.0047724	0.0006409	0.734375	0.0001432	0.0030674	0.0029894	0.975
63720	0	0.0065246	0.0002253	0.0048288	0.0006523	0.734375	0.0001451	0.0030846	0.0030146	0.975
63897	0	0.006564	0.0002277	0.004871	0.0006638	0.734375	0.0001459	0.0030963	0.0030302	0.975
64251	0	0.0066448	0.00023	0.0049391	0.0006943	0.734375	0.0001479	0.0031189	0.0030613	0.975
64605	0	0.0067238	0.0002323	0.0049837	0.0007133	0.734375	0.0001498	0.003143	0.0030916	0.975
64959	0	0.006802	0.0002441	0.005073	0.0007401	0.734375	0.000151	0.0031636	0.003122	0.975
65136	0	0.0068501	0.0002465	0.0051058	0.0007362	0.734375	0.0001522	0.003174	0.0031385	0.975
65313	0	0.0068874	0.0002418	0.0051269	0.0007401	0.734375	0.0001529	0.0031844	0.003152	0.975
65490	0	0.0069187	0.0002465	0.0051739	0.0007362	0.7363281	0.0001545	0.0031942	0.0031652	0.975
65844	0	0.0070057	0.0002535	0.0052396	0.0007515	0.734375	0.0001534	0.0032108	0.0031942	0.975
66552	0	0.0071556	0.0002652	0.0053664	0.000824	0.734375	0.0001549	0.0032561	0.0032534	0.975
67260	0	0.0073189	0.0002746	0.0055002	0.0008469	0.7363281	0.0001569	0.0032963	0.0033127	0.975
67437	0	0.0073581	0.0002746	0.0055354	0.0008507	0.7363281	0.0001581	0.0033069	0.0033274	0.975
67791	0	0.0074333	0.0002746	0.0056223	0.0008545	0.7363281	0.00016	0.0033355	0.0033599	0.975
67968	0	0.0074772	0.000277	0.0056528	0.0008621	0.7363281	0.0001604	0.0033461	0.0033755	0.975
68145	0	0.007526	0.0002793	0.005695	0.0008774	0.7363281	0.0001604	0.0033532	0.0033912	0.975
68322	0	0.0075695	0.0002817	0.005742	0.0009003	0.7363281	0.0001631	0.0033647	0.0034086	0.975
68499	0	0.0076061	0.0002863	0.0057842	0.0008965	0.7363281	0.0001643	0.0033814	0.0034256	0.975
70446	0	0.0080886	0.0003263	0.0061527	0.0010338	0.7382812	0.0001726	0.0034969	0.0036007	0.975
70977	0	0.0082283	0.0003263	0.0062608	0.0010872	0.7382812	0.0001733	0.003533	0.0036521	0.975
71154	0	0.0082787	0.000338	0.0063077	0.0010872	0.7363281	0.0001753	0.0035405	0.0036688	0.975
71331	0	0.0083305	0.000338	0.0063406	0.0010986	0.7363281	0.0001749	0.003549	0.0036853	0.975
71685	0	0.0084324	0.0003498	0.0064133	0.0011215	0.7363281	0.0001768	0.0035718	0.0037214	0.975
72570	0	0.0086609	0.0003685	0.0066129	0.0011787	0.7363281	0.0001835	0.0036351	0.0038093	0.975
72924	0	0.0087566	0.0003803	0.0066997	0.0012016	0.7363281	0.0001847	0.0036608	0.0038456	0.975
73632	0	0.0089714	0.0003826	0.006857	0.0012741	0.7363281	0.0001902	0.0037075	0.0039213	0.975
74163	0	0.0091179	0.0004061	0.0069721	0.0013351	0.7382812	0.0001926	0.0037465	0.0039772	0.975
75225	0	0.0094143	0.0004366	0.0071974	0.0013962	0.7382812	0.0001976	0.0038251	0.0040877	0.975
75402	0	0.0094696	0.000446	0.007235	0.0014153	0.7382812	0.0001992	0.0038369	0.0041073	0.975
75579	0	0.0095223	0.0004413	0.0072773	0.0014229	0.7382812	0.0001992	0.0038514	0.0041266	0.975
76110	0	0.0096946	0.0004624	0.0073829	0.0014992	0.7382812	0.0002019	0.0038853	0.0041859	0.975
76464	0.0000019	0.0098011	0.0004718	0.0074486	0.0014992	0.7382812	0.0002028	0.0039133	0.0042242	0.975
76818	0.0000019	0.0099213	0.0004906	0.007519	0.0015526	0.7382812	0.0002066	0.0039374	0.0042663	0.975
76995	0.0000019	0.0099689	0.0004953	0.007573	0.0015793	0.7382812	0.0002071	0.003952	0.0042857	0.975
77703	0.0000019	0.010191	0.0005234	0.0077162	0.0016403	0.7363281	0.000211	0.0040072	0.0043665	0.975
78057	0.0000019	0.0103065	0.0005352	0.0078078	0.0016785	0.7382812	0.0002137	0.0040267	0.0044054	0.975
78588	0.0000019	0.0104633	0.0005634	0.0079299	0.0017242	0.7382812	0.0002188	0.0040631	0.004463	0.975
78765	0.0000019	0.0105243	0.0005704	0.0079744	0.0017509	0.7382812	0.0002192	0.0040753	0.0044842	0.975
79119	0.0000019	0.0106376	0.0005798	0.008073	0.0017929	0.7382812	0.000222	0.0040994	0.0045248	0.975
79296	0.0000019	0.0106869	0.0005822	0.0081012	0.0018005	0.7382812	0.0002216	0.0041145	0.0045433	0.975
80181	0.0000019	0.0109726	0.000608	0.0083125	0.0018578	0.7382812	0.0002302	0.0041798	0.0046457	0.975
80712	0.0000038	0.0111671	0.0006244	0.0084345	0.0019112	0.7382812	0.0002345	0.004221	0.0047133	0.975
80889	0.0000057	0.0112442	0.0006338	0.0084533	0.0019302	0.7382812	0.0002345	0.0042318	0.0047364	0.975
81597	0.0000057	0.0114811	0.0006643	0.0086247	0.0020065	0.7382812	0.0002392	0.0042843	0.0048209	0.975
82482	0.0000057	0.0117946	0.0007018	0.0088735	0.0021439	0.7382812	0.0002459	0.0043574	0.0049359	0.975
82659	0.0000057	0.0118759	0.0007136	0.008897	0.0021553	0.7382812	0.0002466	0.00437	0.0049609	0.975
83544	0.0000057	0.0121952	0.00073	0.0091294	0.0022926	0.7382812	0.0002549	0.0044439	0.0050765	0.975
83721	0.0000057	0.0122574	0.0007418	0.0091764	0.0022964	0.7382812	0.0002568	0.0044603	0.0050998	0.975
83898	0.0000057	0.0123169	0.0007511	0.0092045	0.002327	0.7382812	0.0002596	0.0044698	0.0051196	0.975
84606	0.0000057	0.0125755	0.0007958	0.0093947	0.0023842	0.7382812	0.0002643	0.0045307	0.0052133	0.975
84783	0.0000057	0.0126472	0.0007911	0.0094346	0.0024261	0.7382812	0.0002659	0.0045441	0.0052373	0.975
85314	0.0000076	0.0128761	0.0008169	0.0095778	0.0024834	0.7382812	0.000271	0.0045835	0.005313	0.975
85668	0.0000076	0.0130104	0.000831	0.0096881	0.0025826	0.7382812	0.0002737	0.004615	0.0053633	0.975
86376	0.0000076	0.0132889	0.0008944	0.0098783	0.0026474	0.7382812	0.0002792	0.0046774	0.0054629	0.975
86553	0.0000095	0.0133739	0.0008897	0.0099252	0.002636	0.7382812	0.0002804	0.0046956	0.0054911	0.975
87438	0.0000114	0.0137344	0.0009249	0.0101858	0.0027771	0.7382812	0.0002878	0.0047683	0.0056169	0.975
87969	0.0000114	0.0139534	0.0009577	0.0103454	0.0028152	0.7382812	0.0002937	0.0048177	0.0056952	0.975
88500	0.0000134	0.0141636	0.0010024	0.0104769	0.0028648	0.7382812	0.0002988	0.0048634	0.0057696	0.975
88677	0.0000153	0.0142391	0.0010141	0.0105426	0.002903	0.7382812	0.0002984	0.0048795	0.0057967	0.975
89208	0.0000153	0.0144585	0.0010657	0.0107492	0.0029678	0.7382812	0.0003051	0.0049264	0.0058771	0.975
89385	0.0000153	0.0145447	0.0010822	0.0107938	0.0029831	0.7382812	0.0003082	0.0049397	0.005905	0.975
89739	0.0000153	0.0147156	0.0011057	0.0109112	0.0030251	0.7382812	0.0003117	0.004972	0.0059632	0.975
90270	0.0000191	0.0149494	0.0011479	0.0110614	0.0031586	0.7382812	0.0003153	0.0050207	0.0060462	0.975
90801	0.0000191	0.0151947	0.0011901	0.0112281	0.0032654	0.7382812	0.0003243	0.005071	0.0061336	0.975
90978	0.000021	0.0152901	0.0012183	0.0113079	0.0032845	0.7382812	0.0003275	0.0050918	0.0061685	0.975
91155	0.000021	0.0153709	0.0012206	0.0113783	0.0032959	0.7382812	0.0003294	0.0051077	0.0061964	0.975
91686	0.0000229	0.0156246	0.0012653	0.0115403	0.0033875	0.7382812	0.0003349	0.0051618	0.006286	0.975
91863	0.0000229	0.0157021	0.0012746	0.0116084	0.0034218	0.7382812	0.0003368	0.005181	0.0063152	0.975
92571	0.0000286	0.0160542	0.0013263	0.0119089	0.0035362	0.7382812	0.000349	0.0052373	0.0064348	0.975
92748	0.0000324	0.0161354	0.0013474	0.0119957	0.0035439	0.7382812	0.000351	0.0052591	0.0064666	0.975
92925	0.0000324	0.0162185	0.0013615	0.0120755	0.003582	0.7382812	0.0003533	0.0052714	0.0064949	0.975
93102	0.0000381	0.0162842	0.001385	0.0121506	0.0036087	0.7382812	0.0003553	0.0052914	0.0065227	0.975
93987	0.0000401	0.0167194	0.0014343	0.0124816	0.0037727	0.7382812	0.0003686	0.0053788	0.0066761	0.975
94164	0.000042	0.0168068	0.0014695	0.0125826	0.0037689	0.7382812	0.0003694	0.0053967	0.006708	0.975
94695	0.0000439	0.0170883	0.0015258	0.0127422	0.0038795	0.7382812	0.0003737	0.0054465	0.0068024	0.975
95049	0.0000439	0.0172775	0.0015658	0.0128925	0.0039482	0.7382812	0.0003796	0.0054879	0.0068713	0.975
95580	0.0000553	0.0175468	0.0016291	0.0131178	0.004097	0.7382812	0.0003843	0.0055438	0.0069697	0.975
95934	0.000061	0.0177277	0.0016596	0.013261	0.0041351	0.7382812	0.000389	0.0055771	0.007032	0.975
96288	0.0000668	0.017918	0.0017019	0.0134512	0.0041962	0.7382812	0.0003941	0.0056092	0.0070987	0.975
97173	0.0000763	0.0183933	0.0018404	0.0138198	0.0044823	0.7382812	0.0004063	0.0057092	0.0072736	0.975
97350	0.0000763	0.0184875	0.0018592	0.0138878	0.0045052	0.7382812	0.000407	0.0057296	0.0073068	0.975
97527	0.0000782	0.0185928	0.001885	0.0140029	0.004528	0.7382812	0.0004094	0.0057508	0.0073452	0.975
97704	0.0000858	0.0186943	0.0019062	0.0140568	0.0045624	0.7382812	0.0004129	0.0057639	0.0073777	0.975
97881	0.0000896	0.0187988	0.001946	0.0141484	0.004612	0.7382812	0.0004129	0.0057831	0.0074149	0.975
98058	0.0000916	0.0189056	0.0019695	0.0142329	0.0046959	0.7382812	0.000418	0.0058059	0.007455	0.975
99828	0.0001316	0.0198864	0.0022254	0.0152118	0.0051155	0.7382812	0.000442	0.0060121	0.0078195	0.975
100359	0.0001431	0.0202366	0.0023146	0.0154747	0.0052185	0.7382812	0.0004557	0.0060806	0.0079441	0.975
101244	0.0001755	0.0207382	0.0024578	0.0159301	0.0054474	0.7382812	0.0004651	0.0061827	0.0081282	0.975
101598	0.0001907	0.0209541	0.002493	0.0161602	0.0055313	0.7382812	0.0004706	0.0062346	0.0082111	0.975
102129	0.0002003	0.0212814	0.002601	0.0164466	0.0056381	0.7382812	0.0004804	0.0062966	0.0083287	0.975
102306	0.0002136	0.0213943	0.0026315	0.0165757	0.0056915	0.7382812	0.0004815	0.0063217	0.0083719	0.975
102660	0.0002346	0.0216198	0.0026737	0.0167423	0.005825	0.7382812	0.0004898	0.0063633	0.0084525	0.975
102837	0.0002441	0.0217365	0.0026996	0.0168574	0.0058784	0.7382812	0.0004933	0.0063907	0.0084973	0.975
103899	0.0002995	0.0224373	0.0028874	0.0174983	0.0062065	0.7382812	0.0005129	0.0065266	0.0087532	0.975
104253	0.00033	0.022657	0.0029719	0.0177424	0.0062981	0.7382812	0.00052	0.0065709	0.0088372	0.975
104961	0.0003796	0.0231419	0.0031081	0.0182331	0.0066071	0.7382812	0.0005333	0.0066664	0.009019	0.975
106731	0.0005512	0.0244495	0.0035142	0.0194889	0.0072479	0.7382812	0.0005705	0.0069046	0.0094979	0.975
107262	0.000618	0.0248684	0.0036503	0.0198716	0.0074081	0.7382812	0.0005886	0.0069824	0.0096523	0.975
107616	0.0006695	0.0251403	0.0037278	0.0201157	0.007473	0.7382812	0.0005964	0.0070357	0.0097519	0.975
108324	0.0007534	0.0257221	0.0039203	0.020712	0.0077286	0.7382812	0.0006157	0.0071397	0.009966	0.975
108855	0.0008354	0.0261627	0.0040588	0.0211533	0.0079155	0.7382812	0.0006266	0.007221	0.0101286	0.975
109032	0.0008774	0.0263408	0.0041316	0.0212824	0.008007	0.7382812	0.0006337	0.0072491	0.0101925	0.975
110271	0.0010834	0.0274078	0.004486	0.0223928	0.0085106	0.7382812	0.0006627	0.0074437	0.0105894	0.975
111156	0.0012779	0.0282032	0.0047866	0.0231887	0.008934	0.7382812	0.0006937	0.0075929	0.010892	0.975
111333	0.0013428	0.028365	0.0048405	0.0233881	0.0090179	0.7382812	0.0006976	0.0076227	0.010955	0.975
112926	0.0018253	0.0298893	0.0054579	0.0249915	0.0097961	0.7382812	0.0007537	0.0079046	0.011541	0.975
113988	0.0022087	0.031004	0.0058898	0.0261089	0.0104485	0.7382812	0.0007913	0.0080805	0.0119563	0.975
114165	0.0022869	0.0311783	0.005958	0.0262991	0.0105515	0.7382812	0.0008035	0.0081103	0.012025	0.975
115050	0.0026474	0.0321388	0.0063218	0.0272123	0.011097	0.7382812	0.0008392	0.0082852	0.0123925	0.975
115404	0.0028172	0.0325603	0.0064979	0.0275527	0.0113754	0.7382812	0.0008544	0.0083584	0.0125519	0.975
116112	0.0031719	0.0333904	0.0068383	0.028393	0.0118332	0.7382812	0.0008889	0.0084901	0.0128663	0.975
116466	0.0034122	0.0338356	0.0070237	0.0287874	0.0120316	0.7382812	0.0009054	0.0085618	0.0130342	0.975
116820	0.0036316	0.0342754	0.0072608	0.0291889	0.0122643	0.7382812	0.000925	0.0086352	0.0132042	0.975
116997	0.0037823	0.0344875	0.0073406	0.0294565	0.012394	0.7382812	0.0009352	0.0086642	0.0132874	0.975
117528	0.0041618	0.0351524	0.007634	0.0300739	0.0127831	0.7382812	0.0009564	0.0087711	0.0135419	0.975
117705	0.004303	0.0353584	0.0077655	0.0303368	0.0129585	0.7382812	0.0009658	0.0088083	0.0136294	0.975
118059	0.00457	0.0358189	0.0079204	0.0307804	0.0131836	0.7382812	0.0009882	0.0088895	0.0138084	0.975
118413	0.0048752	0.0363167	0.0081693	0.0311983	0.0135002	0.7382812	0.0010097	0.0089636	0.0139985	0.975
118767	0.0052357	0.0367981	0.00835	0.0316303	0.0137482	0.7382812	0.001034	0.0090396	0.0141855	0.975
118944	0.0054016	0.0370567	0.0084745	0.0318274	0.0139084	0.7382812	0.001047	0.0090796	0.0142847	0.975
120360	0.0070171	0.0391647	0.0094721	0.0339872	0.0151367	0.7382812	0.0011254	0.009421	0.0151226	0.975
120891	0.0077152	0.040028	0.0098853	0.034844	0.0155869	0.7382812	0.0011607	0.0095457	0.0154596	0.975
121245	0.0083141	0.0405743	0.0101576	0.0355178	0.0159073	0.7382812	0.0011842	0.0096343	0.01569	0.975
122130	0.0097389	0.0420173	0.0108806	0.0368229	0.0167847	0.7382812	0.001245	0.0098564	0.0162703	0.975
122307	0.0100689	0.0423203	0.0110356	0.0371	0.0169525	0.7382812	0.001265	0.0099052	0.0163959	0.975
122484	0.0104084	0.0426121	0.0111976	0.0374427	0.0170975	0.7382812	0.0012791	0.0099533	0.0165198	0.975
123192	0.0119686	0.0439247	0.0117939	0.0388324	0.0177422	0.7382812	0.0013356	0.010137	0.0170534	0.975
123369	0.0123882	0.0442749	0.0119628	0.0391916	0.0180054	0.7382812	0.001352	0.0101868	0.0171985	0.975
124077	0.0141354	0.0456665	0.0126084	0.0406001	0.0188141	0.7382812	0.0014199	0.0103799	0.0177701	0.975
124785	0.0161877	0.0470775	0.0133878	0.0422011	0.0197754	0.7382812	0.0014865	0.0105822	0.0183782	0.975
124962	0.0168076	0.0474582	0.0136413	0.0425509	0.0200577	0.7382812	0.0015007	0.0106369	0.0185435	0.975
125316	0.0179939	0.0481892	0.014031	0.0433654	0.0205536	0.7382812	0.0015289	0.0107548	0.0188671	0.975
126555	0.0229588	0.0510208	0.0154301	0.0465862	0.0222664	0.7382812	0.0016646	0.0111324	0.0201025	0.975
127794	0.0295162	0.0540859	0.0169701	0.0502859	0.0241966	0.7382812	0.0018069	0.0115554	0.0215072	0.975
128148	0.031744	0.0550647	0.0174936	0.0514643	0.0246735	0.7382812	0.0018461	0.0116864	0.0219565	0.975
128325	0.0327473	0.0555301	0.0177612	0.0520606	0.0249825	0.7382812	0.0018688	0.0117529	0.0221741	0.975
128502	0.0339127	0.0560676	0.0179795	0.0527343	0.0253372	0.7382812	0.0018892	0.0118117	0.022413	0.975
128679	0.0350761	0.0565639	0.0182401	0.0534081	0.0256195	0.7382812	0.0019076	0.0118805	0.0226465	0.975
128856	0.0364456	0.0570671	0.0185053	0.0540137	0.0259514	0.7382812	0.0019347	0.0119472	0.0228903	0.975
130095	0.0469494	0.060783	0.020557	0.0591923	0.0282021	0.7382812	0.0021182	0.0124348	0.0247266	0.975
130626	0.0523071	0.0625702	0.02159	0.0617276	0.0292091	0.7402344	0.0022064	0.0126432	0.0256138	0.975
131157	0.0584335	0.0644897	0.0226111	0.0645493	0.0303001	0.7402344	0.0022947	0.0128865	0.0265904	0.975
131511	0.0627174	0.0657959	0.0233858	0.0665236	0.0309372	0.7402344	0.002377	0.0130502	0.0272665	0.975
131865	0.0676689	0.0671154	0.0241323	0.0687185	0.0317307	0.7402344	0.0024362	0.0132186	0.0279823	0.975
132042	0.0702686	0.0677872	0.0245173	0.0697749	0.0321426	0.7402344	0.0024766	0.0133075	0.0283518	0.975
133104	0.0874214	0.072269	0.0268836	0.0769277	0.0346069	0.7402344	0.002688	0.0138348	0.030759	0.975
133635	0.09729	0.0746986	0.028102	0.0809255	0.0359116	0.7402344	0.0028205	0.0141079	0.0320887	0.975
133989	0.1043015	0.0763565	0.0289635	0.0837543	0.0367775	0.7402344	0.0029244	0.014292	0.0330143	0.975
134343	0.1120663	0.0780903	0.0299847	0.0868765	0.0376358	0.7402344	0.0030158	0.0144807	0.034005	0.975
134697	0.1202335	0.0799133	0.0309824	0.089886	0.0386238	0.7402344	0.0031181	0.0146843	0.03504	0.975
135051	0.1286869	0.0818077	0.0319683	0.0932899	0.0395393	0.7402344	0.0032197	0.0149024	0.0361212	0.975
135936	0.1524849	0.0867397	0.0345881	0.1025179	0.0420914	0.7402344	0.0034996	0.0154849	0.0390434	0.975
136113	0.1575985	0.0877605	0.0351656	0.1046095	0.0426788	0.7402344	0.0035628	0.0156119	0.0396695	0.975
136467	0.1681938	0.0899616	0.036337	0.1088186	0.043705	0.7402344	0.0036875	0.0158477	0.040963	0.975
136821	0.1790562	0.0921882	0.0375671	0.113577	0.0448723	0.7402344	0.0038244	0.0161079	0.0423117	0.975
137706	0.20858	0.0981972	0.0408466	0.1261479	0.0477562	0.7402344	0.0041972	0.0167796	0.0459315	0.975
138591	0.2404594	0.1048405	0.0442809	0.1408222	0.0510864	0.7402344	0.0046591	0.0175182	0.0499329	0.975
139830	0.2888832	0.115263	0.0497741	0.1647902	0.0561905	0.7402344	0.0053971	0.0187055	0.0561906	0.975
140007	0.2961369	0.1168846	0.0506967	0.168673	0.0570183	0.7402344	0.00551	0.018896	0.0571626	0.975
140538	0.3173504	0.1219948	0.0533141	0.1811101	0.0595169	0.7402344	0.0058727	0.0194895	0.0601462	0.975
141423	0.3540821	0.1313477	0.0580866	0.2033926	0.0640221	0.7402344	0.0065684	0.020606	0.0655152	0.975
141600	0.3611431	0.1333728	0.0590937	0.2082026	0.0648079	0.7402344	0.0067173	0.0208592	0.0666373	0.975
143370	0.4286041	0.1569183	0.0701505	0.2613807	0.0754662	0.7402344	0.0087265	0.0237171	0.0789744	0.975
143547	0.4348335	0.1597584	0.0714252	0.2674302	0.0766335	0.7402344	0.0089685	0.0240628	0.0803611	0.975
144255	0.4589577	0.172089	0.0766225	0.2925344	0.0815277	0.7402344	0.0101393	0.0255832	0.0862299	0.975
144432	0.4646969	0.1754677	0.0779207	0.2990628	0.0827065	0.7402344	0.0104742	0.0259849	0.0877757	0.975
145140	0.4868565	0.190707	0.0835618	0.325869	0.0879784	0.7402344	0.0119889	0.0278136	0.0944888	0.975
145494	0.4969501	0.1995273	0.0864774	0.3397897	0.0909348	0.7402344	0.0129014	0.0288864	0.0981963	0.975
146379	0.5212364	0.2259266	0.0951867	0.3756104	0.0984383	0.7402344	0.0158948	0.0322023	0.1088938	0.975
146556	0.5256863	0.2320667	0.0972924	0.3828876	0.1002655	0.7402344	0.0166476	0.0330012	0.1113201	0.975
146733	0.5302563	0.2384548	0.0992502	0.3902987	0.1021042	0.7402344	0.017495	0.0338846	0.1138624	0.975
146910	0.5346432	0.2452973	0.1014216	0.3977356	0.1040115	0.7402344	0.0183722	0.0348234	0.1165367	0.975
147264	0.5430794	0.2601417	0.1063608	0.4128042	0.1082687	0.7402344	0.0204728	0.0369623	0.12235	0.975
147618	0.5512352	0.2767082	0.1122624	0.4274879	0.1137581	0.7402344	0.0231556	0.0395354	0.1288882	0.975
147972	0.5591984	0.2954525	0.1205561	0.4424274	0.1206207	0.7402344	0.0266062	0.0427792	0.1364738	0.975
148149	0.563097	0.3055649	0.1260422	0.4496554	0.1251945	0.7402344	0.0287448	0.0448225	0.1407592	0.975
149034	0.5815639	0.3675533	0.1857182	0.4842294	0.1724625	0.7402344	0.0502115	0.0638458	0.1723679	0.975
149919	0.5989151	0.4554958	0.5394076	0.5141883	0.4479294	0.7402344	0.261569	0.2412001	0.3334685	0.975
150450	0.6086788	0.5013962	0.7699186	0.5299143	0.7299995	0.7402344	0.473157	0.3836465	0.4653146	0.975
150627	0.6118355	0.5129395	0.7988187	0.5348464	0.7656326	0.7402344	0.5111737	0.4161631	0.4920519	0.975
151512	0.6265602	0.5574123	0.8593562	0.5576313	0.8441277	0.7402344	0.6316989	0.5323797	0.5827663	0.975
151689	0.6293926	0.5646698	0.8642484	0.5621314	0.8508301	0.7402344	0.6480003	0.5494614	0.5957765	0.975
152043	0.6349125	0.5779289	0.8716055	0.5707914	0.8605576	0.7402344	0.676071	0.5793545	0.6185353	0.975
152397	0.6404667	0.5901092	0.8764014	0.5787165	0.8672218	0.7402344	0.6994085	0.6043556	0.6377647	0.975
153282	0.6537399	0.6158206	0.8843313	0.5974942	0.8779221	0.7402344	0.7439688	0.6520069	0.675144	0.975
153459	0.656208	0.62043	0.8854863	0.6009991	0.8792992	0.7402344	0.7511548	0.6595652	0.6812391	0.975
153636	0.6588001	0.624939	0.8866742	0.6044687	0.8806	0.7402344	0.7578811	0.6666332	0.6870075	0.975
153990	0.6637707	0.6334	0.8887494	0.6113633	0.8831177	0.7402344	0.7702092	0.6795034	0.6976154	0.975
154344	0.6685333	0.6412319	0.8905945	0.6176804	0.8850937	0.7402344	0.7811457	0.6909804	0.7071403	0.975
154698	0.673399	0.6485641	0.8923058	0.6237206	0.887043	0.7402344	0.7908854	0.7012972	0.7157915	0.975
155229	0.6800137	0.6589553	0.8946158	0.6330472	0.8895493	0.7402344	0.8039613	0.71503	0.7275211	0.975
155406	0.6822796	0.6622391	0.8953435	0.6359206	0.8904266	0.7402344	0.8079162	0.7191941	0.7311215	0.975
156468	0.6949444	0.6801102	0.8993295	0.6528461	0.8947449	0.7402344	0.8280313	0.7410321	0.7501132	0.975
156645	0.6971741	0.6828296	0.8999023	0.6553462	0.895237	0.7402344	0.8309376	0.7442375	0.7529254	0.975
156999	0.7012653	0.6880714	0.9011301	0.6604145	0.8964882	0.7402344	0.8365021	0.7503125	0.7583047	0.975
157353	0.7051144	0.6930996	0.9022452	0.6652433	0.8977127	0.7402344	0.8416345	0.7560525	0.763377	0.975
157707	0.7090092	0.6979008	0.9033884	0.6701941	0.8989944	0.7402344	0.8463082	0.7614411	0.7681594	0.975
159300	0.7253513	0.7172028	0.9079379	0.6908217	0.9034843	0.7402344	0.8640565	0.7821527	0.786795	0.975
159654	0.728611	0.7210369	0.9089473	0.6949463	0.9044495	0.7402344	0.8673608	0.7861181	0.7903928	0.975
159831	0.730381	0.7228218	0.9094051	0.6971225	0.9048805	0.7402344	0.8689771	0.7880415	0.7921368	0.975
160185	0.7335472	0.7264206	0.9103323	0.7010944	0.9059219	0.7402344	0.872047	0.7917264	0.7955016	0.975
161778	0.7474937	0.741037	0.9140953	0.7179776	0.9097481	0.7402344	0.883892	0.8063601	0.8089573	0.975
161955	0.7490253	0.7425289	0.9145977	0.7197148	0.9101601	0.7402344	0.8849817	0.807816	0.810299	0.975
162486	0.753273	0.7468907	0.9157997	0.7249615	0.911499	0.7402344	0.8883311	0.8120636	0.8142421	0.975
163194	0.7587681	0.7523205	0.9173419	0.7316989	0.9129372	0.7402344	0.8923664	0.8173783	0.8191465	0.975
163548	0.7614079	0.7549766	0.9181401	0.7347717	0.9137039	0.7402344	0.8942254	0.8198977	0.8214794	0.975
164610	0.769289	0.7625588	0.9201543	0.7441171	0.915863	0.7402344	0.8994746	0.8269916	0.8281105	0.975
164787	0.7705669	0.7637432	0.9205416	0.7455045	0.9162178	0.7402344	0.9002636	0.8281111	0.829147	0.975
164964	0.7717056	0.7649075	0.920889	0.7468919	0.916523	0.7402344	0.9010369	0.8291934	0.8301511	0.975
165141	0.7728996	0.7659977	0.9211754	0.7484577	0.9168892	0.7402344	0.9018015	0.8302656	0.8311408	0.975
165495	0.7752953	0.7682629	0.9218398	0.7510939	0.9174995	0.7402344	0.9032891	0.8323442	0.8330848	0.975
165849	0.7775936	0.7704411	0.9224994	0.7539861	0.9182472	0.7402344	0.9047301	0.8343704	0.834985	0.975
166557	0.7820835	0.7746941	0.9237108	0.7596717	0.9195404	0.7402344	0.9074593	0.8382578	0.8386428	0.975
166911	0.7842808	0.7767345	0.9243563	0.7622962	0.9200554	0.7402344	0.9087642	0.8401418	0.840403	0.975
167442	0.7873936	0.7797058	0.9251662	0.7662024	0.9209747	0.7402344	0.9106781	0.8428282	0.842943	0.975
167796	0.7895031	0.7816509	0.9256451	0.768719	0.9216347	0.7402344	0.9118788	0.8445392	0.8445753	0.975
169212	0.797451	0.7889595	0.9278095	0.7784682	0.9239006	0.7402344	0.9162595	0.8510518	0.8507363	0.975
170451	0.8040524	0.7949173	0.9297556	0.7861844	0.9259033	0.7421875	0.919745	0.8562077	0.8556819	0.975
170982	0.8067093	0.797274	0.9304504	0.7894357	0.9266777	0.7421875	0.9211084	0.8582894	0.857659	0.975
171336	0.8084011	0.7988186	0.9310162	0.7914053	0.927166	0.7421875	0.9219962	0.859644	0.858945	0.975
171867	0.8110809	0.8011635	0.9317674	0.7945557	0.9279976	0.7421875	0.9232631	0.8615669	0.8608315	0.975
172575	0.8144093	0.8041221	0.9327087	0.7987061	0.9288864	0.7421875	0.9249323	0.8640898	0.8632686	0.975
172929	0.8160629	0.8055736	0.9332041	0.8007085	0.9294548	0.7421875	0.9257189	0.8653285	0.8644615	0.975
173106	0.8168297	0.8063027	0.9335116	0.8016639	0.9297256	0.7421875	0.926102	0.8658988	0.865033	0.975
173460	0.8183575	0.8076923	0.9339952	0.8034879	0.9302254	0.7421875	0.9268709	0.8670793	0.8661698	0.975
173991	0.8208256	0.8097191	0.934575	0.8062228	0.930809	0.7421875	0.9279144	0.8688181	0.8678239	0.975
174168	0.8215446	0.8103874	0.934845	0.8071782	0.93116	0.7421875	0.9282786	0.8694075	0.8683845	0.975
175407	0.8266468	0.8149139	0.9363943	0.8133662	0.9328423	0.7421875	0.9306391	0.8731639	0.872033	0.975
175584	0.8273582	0.8155483	0.9366361	0.8141949	0.9331169	0.7421875	0.9309666	0.8737027	0.8725491	0.975
176292	0.8300877	0.8180596	0.9375047	0.8174697	0.9340286	0.7421875	0.9322457	0.8756921	0.8745159	0.975
177708	0.8353653	0.8226311	0.9391362	0.8239652	0.9357185	0.7441406	0.9346042	0.879474	0.8782067	0.975
177885	0.8360157	0.8232212	0.9393193	0.8247657	0.9359665	0.7441406	0.9349363	0.8799175	0.8786669	0.975
178062	0.8366585	0.8237705	0.9395282	0.825524	0.9360924	0.7441406	0.9352006	0.8803726	0.8791049	0.975
178239	0.8372612	0.8243168	0.9396667	0.8262423	0.9362373	0.7441406	0.9354579	0.8808153	0.8795301	0.975
178593	0.8384533	0.8254185	0.940094	0.8276719	0.9367256	0.7460938	0.9359723	0.8816828	0.880384	0.975
179124	0.8403244	0.8270191	0.9406081	0.8297213	0.9373322	0.7460938	0.9367644	0.8829482	0.881635	0.975
179301	0.8408985	0.8275112	0.9407959	0.830564	0.9374924	0.7460938	0.9370087	0.8833593	0.8820373	0.975
181071	0.8465233	0.8324741	0.9424486	0.8370032	0.9392242	0.7460938	0.9393355	0.8872624	0.8858743	0.975
181602	0.8479652	0.8339058	0.9429181	0.8389188	0.9397011	0.7460938	0.9399609	0.8883978	0.8869687	0.975
181779	0.8485641	0.8343441	0.9431082	0.8395292	0.9398346	0.7460938	0.9402009	0.8887666	0.8873324	0.975
182841	0.8514671	0.8371395	0.9439932	0.8429495	0.9408569	0.7460938	0.9414604	0.8909366	0.8894507	0.975
183018	0.8520164	0.8375435	0.9441528	0.8435434	0.9409981	0.7460938	0.9416615	0.8912736	0.8897812	0.975
183549	0.8533573	0.8388985	0.9446223	0.8452994	0.9415321	0.7460938	0.9422705	0.8923191	0.8908079	0.975
183726	0.8538418	0.8393028	0.9448078	0.8459989	0.9415665	0.7460938	0.9424587	0.8926566	0.8911355	0.975
184257	0.8552189	0.8405674	0.9452797	0.8476117	0.94207	0.7460938	0.9430178	0.8936619	0.8921102	0.975
184434	0.8556557	0.8409622	0.9454111	0.8481586	0.9421425	0.7460938	0.9432206	0.8939993	0.8924301	0.975
184788	0.8566475	0.8417721	0.9457492	0.8491446	0.9424591	0.7460938	0.9435974	0.8946453	0.8930637	0.975
185142	0.8574371	0.8425804	0.9459862	0.8502408	0.942688	0.7460938	0.943975	0.8952794	0.8936814	0.975
185319	0.8580074	0.842976	0.9461083	0.8508066	0.9429359	0.7460938	0.9441475	0.8956033	0.8939992	0.975
186558	0.8610153	0.8457153	0.9472562	0.8544264	0.9439278	0.7460938	0.9454133	0.8977674	0.8961245	0.975
186735	0.8614769	0.8460785	0.9474205	0.854903	0.9440651	0.7460938	0.9455827	0.8980621	0.8964132	0.975
186912	0.8619785	0.8464317	0.9475849	0.8553819	0.9442139	0.7460938	0.945745	0.8983585	0.896701	0.975
187089	0.8624077	0.8468422	0.9476647	0.8559077	0.9444046	0.7460938	0.945925	0.8986549	0.8970015	0.975
187443	0.8632526	0.8476292	0.9479511	0.8568773	0.9447479	0.7460938	0.9462301	0.8992453	0.8975825	0.975
187797	0.8640976	0.8484009	0.9481906	0.8578891	0.945076	0.7460938	0.9465618	0.899834	0.8981646	0.975
188151	0.8649082	0.8491432	0.9485286	0.8588421	0.9454193	0.7460938	0.9468727	0.9004438	0.8987451	0.975
188328	0.8653488	0.8495029	0.9486366	0.8593351	0.9455414	0.7460938	0.9470484	0.9007204	0.8990239	0.975
188505	0.865839	0.8498478	0.9487469	0.8598093	0.9456482	0.7460938	0.9472288	0.9010276	0.8993148	0.975
188682	0.8661804	0.8502423	0.9488971	0.8602459	0.9457054	0.7460938	0.9473692	0.901306	0.8995882	0.975
189744	0.8683739	0.852354	0.949585	0.8630465	0.9465523	0.7460938	0.9482898	0.9029198	0.901181	0.975
189921	0.868803	0.8527199	0.9496906	0.8635043	0.9466934	0.7460938	0.9484353	0.9031915	0.9014512	0.975
190098	0.8692055	0.8530945	0.9498408	0.8639362	0.9468575	0.7460938	0.9485973	0.9034482	0.9017204	0.975
190452	0.8699608	0.8537312	0.9501085	0.8648963	0.9471512	0.7460938	0.9488898	0.9039732	0.9022316	0.975
192222	0.8734684	0.8571476	0.9513878	0.8694763	0.94841	0.7460938	0.9503002	0.906458	0.9047412	0.975
192576	0.8741474	0.8578018	0.9515639	0.8703331	0.9486542	0.7480469	0.9506119	0.9069376	0.9052295	0.975
192753	0.8745785	0.8581337	0.9517282	0.870697	0.9487801	0.7480469	0.9507433	0.9071691	0.9054705	0.975
193107	0.8752613	0.8587486	0.9519278	0.8712416	0.9490814	0.7480469	0.9510017	0.9076656	0.905937	0.975
194169	0.8771534	0.8606354	0.952625	0.8738028	0.9497261	0.7480469	0.9517847	0.9090565	0.9073296	0.975
194700	0.8781204	0.8615673	0.9529842	0.875047	0.9500847	0.7480469	0.9521635	0.909719	0.9080073	0.975
195408	0.8794975	0.8627716	0.9534654	0.8766597	0.9506226	0.75	0.9526603	0.9106244	0.9089138	0.975
195939	0.880312	0.86371	0.9537119	0.8776973	0.950943	0.75	0.9530254	0.9112618	0.9095603	0.975
196470	0.8812122	0.8646393	0.9540851	0.8787372	0.9512749	0.75	0.9533595	0.9118608	0.9101902	0.975
197355	0.8826427	0.8660218	0.9547307	0.8805002	0.9517097	0.75	0.9539163	0.9128895	0.9112129	0.975
197532	0.8829689	0.8662922	0.9547917	0.8808852	0.9518814	0.75	0.9540288	0.9130785	0.9114115	0.975
197709	0.8832703	0.866573	0.9549115	0.8811646	0.9520378	0.75	0.9541135	0.9132847	0.9116108	0.975
198240	0.8840275	0.8674046	0.955219	0.8822303	0.9524002	0.75	0.9544649	0.9138821	0.9122152	0.975
198594	0.8846111	0.8679245	0.955388	0.8827843	0.9525871	0.75	0.9546805	0.9142644	0.9125952	0.975
200010	0.8866997	0.8699932	0.9562566	0.8854793	0.9534874	0.75	0.95552	0.9157582	0.9141091	0.975
200364	0.8871803	0.8704945	0.956496	0.8861272	0.953701	0.75	0.9557153	0.9161076	0.9144684	0.975
200718	0.8876858	0.8709908	0.9567096	0.8866553	0.9538231	0.75	0.9559326	0.9164913	0.9148399	0.975
202134	0.8895721	0.87295	0.957435	0.8891273	0.9547005	0.75	0.9567133	0.9179181	0.916266	0.975
202488	0.8900661	0.8734207	0.957651	0.8896719	0.9548454	0.75	0.9568968	0.9182783	0.9166152	0.975
203019	0.8907356	0.8741657	0.9578998	0.8905452	0.9550705	0.75	0.957176	0.918782	0.9171292	0.975
203373	0.8911705	0.8746387	0.9580899	0.8911954	0.9552612	0.75	0.9573489	0.9191035	0.9174614	0.975
203904	0.891943	0.8753654	0.95836	0.8919983	0.9555397	0.75	0.9576253	0.9195653	0.9179568	0.975
204081	0.892189	0.8755997	0.9584445	0.8922448	0.9556923	0.75	0.9576927	0.9197527	0.918129	0.975
204435	0.8925304	0.8760738	0.9585947	0.89278	0.9558296	0.75	0.957908	0.9200817	0.9184629	0.975
204612	0.8927956	0.8763005	0.9586557	0.8930945	0.9559326	0.75	0.957988	0.9202552	0.9186316	0.975
204789	0.8930416	0.8765076	0.9587308	0.8933551	0.956028	0.75	0.9580884	0.920415	0.918792	0.975
205497	0.8938484	0.8774464	0.9591112	0.8944678	0.9563828	0.75	0.9584394	0.921048	0.9194416	0.975
206205	0.8947678	0.8783299	0.9594421	0.8955125	0.9567986	0.75	0.9587867	0.9216785	0.9200792	0.975
206913	0.8955688	0.8792095	0.9597731	0.8965266	0.9572029	0.75	0.9591001	0.9223087	0.920702	0.975
207090	0.8957748	0.879446	0.9598436	0.896752	0.9572792	0.75	0.9591749	0.9224735	0.920862	0.975
207444	0.896162	0.8798962	0.960022	0.8972661	0.9574776	0.75	0.9593738	0.9227914	0.9211859	0.975
208152	0.8970242	0.8807823	0.9602919	0.898353	0.9578094	0.75	0.959691	0.9233992	0.9218029	0.975
208329	0.8972626	0.8809849	0.9603812	0.8986229	0.9579239	0.75	0.9597788	0.9235607	0.9219613	0.975
209214	0.8982773	0.8820828	0.960799	0.899846	0.9583321	0.75	0.9601796	0.9242681	0.922704	0.975
209568	0.8986664	0.8824875	0.960954	0.9003014	0.9585381	0.75	0.9603341	0.9245661	0.9229972	0.975
209745	0.8988857	0.8826798	0.9610338	0.9004775	0.9585381	0.75	0.9604058	0.9247082	0.9231346	0.975
211515	0.9008274	0.8848003	0.9616981	0.9027991	0.9594231	0.75	0.9611802	0.9261073	0.924578	0.975
211869	0.9011936	0.8851883	0.9618812	0.9033673	0.9596062	0.75	0.9613178	0.9264067	0.924868	0.975
212577	0.9018593	0.8859646	0.9621864	0.9043837	0.9599686	0.75	0.9616496	0.9269609	0.9254317	0.975
212754	0.9020596	0.8861557	0.9622709	0.9045739	0.960022	0.75	0.9617276	0.9270907	0.9255659	0.975
212931	0.9022503	0.8863316	0.9623296	0.9047946	0.9600906	0.75	0.9618096	0.9272239	0.9256991	0.975
213285	0.9026909	0.8867146	0.9625314	0.9053157	0.960228	0.75	0.9619484	0.9274809	0.9259714	0.975
213462	0.9028625	0.8868958	0.9625807	0.905527	0.960289	0.75	0.9620217	0.9276181	0.9261039	0.975
214170	0.9036407	0.8876869	0.9628766	0.9064096	0.9606171	0.75	0.9623005	0.928143	0.9266462	0.975
214347	0.9038506	0.8878574	0.9629446	0.9066162	0.9607506	0.75	0.9623821	0.9282596	0.9267731	0.975
215232	0.9046688	0.8887966	0.9633061	0.9076514	0.9610977	0.75	0.9627228	0.9288876	0.9274153	0.975
216294	0.9056549	0.8898621	0.9637827	0.9088182	0.9614868	0.75	0.9631059	0.9296079	0.928151	0.975
216825	0.9061661	0.8903869	0.9639705	0.9094778	0.9617271	0.75	0.9632871	0.9299492	0.9285095	0.975
217179	0.9064732	0.8907135	0.9640926	0.9098605	0.9618034	0.75	0.9634117	0.9301684	0.9287352	0.975
218418	0.9075794	0.8919193	0.9645691	0.9112338	0.9622498	0.75	0.9638505	0.9309825	0.9295678	0.975
219126	0.9081993	0.8925937	0.9648179	0.9120178	0.9625549	0.75	0.9641026	0.93143	0.9300328	0.975
219480	0.9084949	0.8929135	0.9649447	0.912384	0.9626999	0.75	0.9642297	0.9316483	0.9302576	0.975
219834	0.9088364	0.8932568	0.9651114	0.9128136	0.9627762	0.75	0.9643544	0.9318898	0.9305013	0.975
220011	0.9089947	0.8934101	0.9651489	0.9129615	0.9628105	0.75	0.9644065	0.9319983	0.9306071	0.975
220188	0.9091434	0.8935955	0.9652358	0.9131517	0.9628525	0.75	0.9644803	0.932101	0.930725	0.975
220896	0.9097366	0.8942425	0.9654964	0.9137714	0.9630852	0.75	0.9647273	0.9325454	0.9311733	0.975
221250	0.910017	0.8945862	0.9656654	0.9141141	0.9631958	0.75	0.9648304	0.9327554	0.931394	0.975
221427	0.9101696	0.894751	0.9657593	0.9142972	0.9632759	0.75	0.9648736	0.9328582	0.9315019	0.975
222135	0.9108639	0.8953701	0.9659964	0.9150531	0.9635735	0.75	0.9651076	0.9332659	0.9319355	0.975
222312	0.9110184	0.8955559	0.9660339	0.9151987	0.9636307	0.75	0.9651625	0.9333665	0.9320459	0.975
222666	0.9112473	0.8958473	0.9661677	0.9155015	0.9637527	0.75	0.9652476	0.9335616	0.9322401	0.975
222843	0.9114513	0.8959915	0.9662076	0.9157034	0.9638176	0.75	0.9653068	0.9336826	0.9323554	0.975
223374	0.9118824	0.8964588	0.9664307	0.9161893	0.9639626	0.75	0.9654809	0.9339925	0.9326758	0.975
223551	0.9119873	0.8966068	0.96648	0.9164382	0.964035	0.75	0.9655519	0.9340757	0.932776	0.975
224259	0.9124947	0.8972588	0.9667593	0.9170814	0.9642029	0.75	0.9657727	0.9344894	0.9332029	0.975
224790	0.9128971	0.8976582	0.9669213	0.9176236	0.9644089	0.75	0.965937	0.934792	0.9335031	0.975
225321	0.9133606	0.8981525	0.9670997	0.9181659	0.9645538	0.75	0.966095	0.9350675	0.933813	0.975
225852	0.9138069	0.8986149	0.9672734	0.9186119	0.9647331	0.75	0.9662409	0.9353685	0.9341207	0.975
226029	0.913929	0.8987983	0.967311	0.9187763	0.9647408	0.7519531	0.9663013	0.9354714	0.9342309	0.975
226560	0.9143085	0.8992214	0.967527	0.9191589	0.9649849	0.7519531	0.9664651	0.9357771	0.9345335	0.975
226737	0.9144306	0.8993648	0.9675786	0.9193373	0.9649963	0.7519531	0.9665122	0.9358923	0.9346383	0.975
226914	0.9145527	0.8995045	0.967649	0.9195017	0.9650383	0.7519531	0.9665648	0.9359753	0.9347305	0.975
227976	0.9153347	0.9003876	0.9679824	0.9204876	0.9654007	0.7519531	0.9668737	0.936565	0.9353331	0.975
229569	0.9164524	0.9016994	0.9684566	0.921875	0.9659462	0.7519531	0.9673313	0.9374036	0.9362067	0.975
230631	0.9172382	0.9025963	0.968851	0.9227506	0.9663696	0.7519531	0.9676297	0.9379815	0.9368048	0.975
231516	0.9178104	0.9032413	0.9691538	0.9234361	0.9666138	0.7519531	0.9678771	0.9384399	0.9372619	0.975
231870	0.918045	0.9035298	0.9692265	0.9237272	0.9667358	0.7519531	0.9679611	0.9386038	0.9374396	0.975
232047	0.9181747	0.9036724	0.9692876	0.9239079	0.9667778	0.7519531	0.9680128	0.9386999	0.9375384	0.975
232578	0.91852	0.904076	0.9694331	0.9242249	0.9669571	0.7519531	0.9681595	0.9389616	0.9378064	0.975
232755	0.9186668	0.9042141	0.9694847	0.9244291	0.9670296	0.7519531	0.9682085	0.9390436	0.9378996	0.975
233109	0.9189415	0.9044693	0.9695482	0.9246662	0.9671288	0.7519531	0.968303	0.9392065	0.9380708	0.975
233286	0.9190598	0.9046089	0.9696068	0.9248258	0.9671745	0.7519531	0.9683614	0.9392824	0.9381605	0.975
233994	0.9195423	0.9051113	0.9698087	0.9253775	0.9674034	0.7519531	0.9685508	0.9396141	0.938507	0.975
234171	0.9196911	0.9052349	0.9698392	0.9255183	0.9674416	0.7519531	0.9685822	0.9396845	0.9385845	0.975
234702	0.9199791	0.9056103	0.9700083	0.9259151	0.9676018	0.7519531	0.9687155	0.939935	0.9388394	0.975
235056	0.9201889	0.9058521	0.9701115	0.9262132	0.967701	0.7519531	0.9687998	0.9400886	0.9390022	0.975
235233	0.9203129	0.9059566	0.9701656	0.9263611	0.9677734	0.7519531	0.9688414	0.9401699	0.9390832	0.975
235764	0.9206543	0.9063656	0.9703064	0.9267555	0.9679031	0.7519531	0.9689668	0.9404028	0.9393368	0.975
235941	0.9207878	0.906504	0.9703392	0.9268916	0.9679642	0.7519531	0.9690073	0.9404662	0.9394163	0.975
236472	0.921093	0.9068359	0.9704965	0.9272696	0.9681015	0.7519531	0.969166	0.9407114	0.939664	0.975
236649	0.9211998	0.9069538	0.9705294	0.9273752	0.9681778	0.7519531	0.9692045	0.9407926	0.9397443	0.975
237180	0.9215679	0.9073116	0.9706726	0.9277532	0.9683723	0.7519531	0.9693311	0.9410224	0.9399877	0.975
237711	0.9218903	0.9076489	0.9708229	0.9281428	0.9684944	0.7519531	0.9694601	0.9412482	0.9402224	0.975
238065	0.9220486	0.9078953	0.9709684	0.9283823	0.9685974	0.7519531	0.9695483	0.9413978	0.9403826	0.975
238950	0.9225597	0.9085232	0.9711937	0.9289879	0.9688492	0.7519531	0.9697389	0.9417754	0.9407811	0.975
239304	0.9227428	0.9087498	0.9712783	0.9292392	0.9689751	0.7519531	0.969828	0.9419283	0.9409383	0.975
239658	0.9229355	0.9089775	0.9713956	0.9294551	0.9690704	0.7519531	0.9699138	0.9420838	0.9410959	0.975
240720	0.9235764	0.9097034	0.971621	0.9302462	0.9693489	0.7519531	0.9701581	0.9425467	0.9415768	0.975
241605	0.9240894	0.9102764	0.9718041	0.9308331	0.9696045	0.7519531	0.9703616	0.942892	0.9419501	0.975
242667	0.9246902	0.9109722	0.9720201	0.9315326	0.9699478	0.7519531	0.970578	0.943346	0.9424108	0.975
243198	0.9249668	0.9112999	0.9721609	0.9318448	0.9700737	0.7519531	0.9706992	0.9435505	0.9426275	0.975
243552	0.9251995	0.911549	0.9722618	0.9320538	0.9701042	0.7519531	0.9707863	0.9436929	0.942784	0.975
243729	0.9252605	0.911644	0.9722924	0.9321947	0.9701385	0.7519531	0.9708149	0.9437584	0.9428486	0.975
245145	0.9260273	0.9125149	0.9726187	0.9330491	0.9705772	0.7519531	0.971127	0.9443412	0.9434423	0.975
246207	0.9266243	0.9131973	0.9728746	0.933751	0.9708366	0.7519531	0.9713544	0.9447498	0.9438824	0.975
246561	0.9268131	0.9134449	0.972945	0.93396	0.9709244	0.7519531	0.9714254	0.9448928	0.9440335	0.975
248154	0.9275723	0.9144486	0.9733371	0.9350023	0.9712639	0.7519531	0.9717536	0.9455295	0.9446896	0.975
248331	0.9276733	0.9145481	0.9733629	0.9351337	0.9713211	0.7519531	0.971794	0.9455984	0.9447609	0.975
248685	0.9278622	0.9147609	0.9734239	0.9353192	0.9714012	0.7519531	0.9718728	0.9457252	0.9448978	0.975
249393	0.9282665	0.9151813	0.9736398	0.9357182	0.9715996	0.7519531	0.9720167	0.9459969	0.9451817	0.975
250101	0.9286366	0.9156204	0.9737596	0.9361643	0.9717331	0.7519531	0.9721712	0.946273	0.9454691	0.975
250278	0.9287453	0.9157238	0.9738042	0.9362723	0.9717865	0.7519531	0.9722045	0.9463275	0.9455337	0.975
250455	0.9288387	0.915815	0.9738394	0.9363568	0.9718056	0.7519531	0.9722359	0.9463906	0.9455963	0.975
250809	0.9290314	0.9160309	0.9738722	0.936568	0.9718857	0.7519531	0.97231	0.9465141	0.9457316	0.975
250986	0.9290924	0.9161297	0.9739568	0.9366854	0.9719086	0.7519531	0.97235	0.9465832	0.9458019	0.975
251340	0.9292583	0.9163238	0.9740201	0.9369413	0.9719543	0.7519531	0.9724206	0.946708	0.9459329	0.975
251871	0.9295292	0.9166164	0.9741493	0.9372746	0.9720764	0.7519531	0.9725194	0.9468923	0.9461285	0.975
252048	0.9296265	0.9167114	0.9741939	0.9373592	0.9721069	0.7519531	0.9725453	0.9469367	0.9461836	0.975
252402	0.9297981	0.9169155	0.9742337	0.9375868	0.9722061	0.7519531	0.9726076	0.9470611	0.9463144	0.975
253110	0.9301414	0.9173187	0.9743652	0.9379812	0.9724083	0.7519531	0.9727437	0.9473203	0.9465817	0.975
253995	0.9305725	0.9177426	0.9745859	0.9384766	0.9725342	0.7519531	0.9728986	0.9475911	0.9468714	0.975
254172	0.9306889	0.9178394	0.9746023	0.9385892	0.9725723	0.7519531	0.9729319	0.947655	0.9469378	0.975
254880	0.9310131	0.9182366	0.9747432	0.9390329	0.9726753	0.7519531	0.9730648	0.9478897	0.9471916	0.975
255588	0.9313126	0.9186172	0.9748512	0.9393029	0.9727936	0.7519531	0.9731871	0.9481091	0.9474248	0.975
255765	0.9313908	0.9187046	0.9748864	0.9394273	0.9728127	0.7519531	0.9732107	0.9481701	0.9474847	0.975
256119	0.931551	0.9188824	0.9749216	0.9395987	0.9728775	0.7519531	0.9732758	0.9482859	0.9476033	0.975
256296	0.9316216	0.9189984	0.9749638	0.9396808	0.972908	0.7519531	0.9733146	0.9483363	0.9476669	0.975
258243	0.9324341	0.919984	0.975316	0.9407254	0.9733162	0.7519531	0.9736546	0.9489639	0.9483201	0.975
258597	0.9325905	0.9201756	0.9753958	0.9409156	0.9734116	0.7519531	0.9737213	0.9490717	0.9484413	0.975
258951	0.9327202	0.9203483	0.9754404	0.9410682	0.973484	0.7519531	0.9737726	0.9491752	0.948549	0.975
259305	0.9328403	0.9205567	0.9755061	0.9412396	0.9735374	0.7519531	0.9738287	0.9492952	0.9486732	0.975
259836	0.9330368	0.920829	0.9755859	0.9415729	0.973629	0.7519531	0.9739455	0.9494595	0.948854	0.975
260367	0.9332905	0.9211033	0.9756446	0.94181	0.9737434	0.7519531	0.9740275	0.9496236	0.9490264	0.975
260544	0.9333649	0.9211811	0.9756705	0.9419485	0.9737473	0.7519531	0.9740565	0.9496815	0.9490837	0.975
260721	0.9334393	0.9212856	0.975715	0.9420096	0.9737892	0.7519531	0.9740757	0.9497371	0.9491427	0.975
261783	0.9338074	0.9218544	0.9758888	0.9425143	0.9739532	0.7539062	0.9742576	0.9500542	0.9494867	0.975
261960	0.933918	0.9219425	0.9759146	0.9425824	0.9739914	0.7539062	0.9742972	0.9501102	0.9495477	0.975
262137	0.9340057	0.9220154	0.9759545	0.9426622	0.9740791	0.7539062	0.9743345	0.9501684	0.9496067	0.975
263199	0.9344597	0.9225254	0.9761681	0.9432068	0.9742661	0.7539062	0.9745063	0.9504867	0.9499432	0.975
263907	0.9347439	0.9228649	0.9762902	0.9435307	0.9744072	0.7539062	0.9746223	0.9507084	0.9501693	0.975
264261	0.9348755	0.9230541	0.9763184	0.9437209	0.9745026	0.7539062	0.9746796	0.9508217	0.9502874	0.975
265323	0.9352875	0.9236149	0.9764897	0.9442233	0.9746895	0.7539062	0.974836	0.9511258	0.9506209	0.975
265677	0.935421	0.9237682	0.9765719	0.9443735	0.9748001	0.7539062	0.9748917	0.9512362	0.9507304	0.975
266385	0.9357224	0.9241207	0.9766588	0.9446974	0.9749069	0.7539062	0.9750144	0.951463	0.9509617	0.975
266916	0.9359016	0.9243644	0.9767526	0.9448876	0.9750404	0.7539062	0.9751097	0.9516234	0.9511254	0.975
267624	0.9361954	0.9246975	0.9769123	0.9452562	0.9751701	0.7539062	0.9752567	0.9518281	0.9513525	0.975
268686	0.936615	0.9251987	0.9771306	0.9456154	0.9753723	0.7539062	0.975414	0.9521263	0.9516678	0.975
269217	0.9368362	0.9254139	0.9772128	0.9458454	0.9754639	0.7539062	0.9754815	0.952282	0.9518192	0.975
269571	0.9369545	0.9255707	0.9772433	0.9459674	0.9755516	0.7539062	0.9755367	0.9523855	0.9519224	0.975
270633	0.9373531	0.9260456	0.9774475	0.9463689	0.9757271	0.7539062	0.9757097	0.952667	0.9522276	0.975
270987	0.9374561	0.9262016	0.9774968	0.9464604	0.9757957	0.7539062	0.9757406	0.9527462	0.9523136	0.975
271164	0.9375134	0.9262608	0.9775461	0.9465567	0.9758186	0.7539062	0.9757739	0.9527895	0.9523605	0.975
271341	0.9376068	0.9263417	0.9775673	0.9466271	0.9758263	0.7539062	0.9757967	0.9528366	0.9524109	0.975
272226	0.9379349	0.9267387	0.9777081	0.9469652	0.9759979	0.7539062	0.975921	0.9530607	0.9526562	0.975
272934	0.9381561	0.9270355	0.9778419	0.9472281	0.9761353	0.7539062	0.9760273	0.9532357	0.9528462	0.975
273288	0.9382782	0.9272003	0.9778513	0.9474018	0.9761734	0.7539062	0.9760731	0.9533287	0.9529448	0.975
273465	0.9383507	0.9272724	0.9778771	0.9475051	0.9761925	0.7539062	0.9760928	0.9533638	0.9529881	0.975
273642	0.9384041	0.9273278	0.9779123	0.947552	0.9762001	0.7539062	0.9761163	0.9534038	0.953028	0.975
273996	0.938509	0.92747	0.9779757	0.9476318	0.9762802	0.7539062	0.9761626	0.9534989	0.9531214	0.975
274350	0.9386425	0.9275974	0.9780602	0.947768	0.976326	0.7539062	0.9762045	0.9535947	0.9532142	0.975
274527	0.9386978	0.9276878	0.9780931	0.9478384	0.9763489	0.7539062	0.9762331	0.953644	0.953268	0.975
275235	0.9389648	0.9279865	0.9781776	0.9481224	0.9764633	0.7539062	0.9763159	0.953812	0.9534508	0.975
275943	0.9391975	0.9282646	0.9783231	0.9483737	0.9765625	0.7539062	0.9764112	0.9539818	0.9536318	0.975
276474	0.9393959	0.9285206	0.9783888	0.9485638	0.9766426	0.7539062	0.9764801	0.9541098	0.9537773	0.975
276651	0.9394188	0.9285858	0.978403	0.9486272	0.9766884	0.7539062	0.9765033	0.954149	0.9538182	0.975
278067	0.9398785	0.9291706	0.9786049	0.9491953	0.9769402	0.7539062	0.9766899	0.9544839	0.9541836	0.975
278775	0.9401321	0.9294437	0.9787105	0.9494324	0.9770279	0.7539062	0.9767848	0.9546546	0.9543625	0.975
278952	0.9401588	0.9295212	0.9787222	0.9495333	0.9770546	0.7539062	0.976808	0.9546992	0.9544094	0.975
279306	0.9402828	0.9296573	0.9787762	0.9496577	0.9770813	0.7539062	0.9768472	0.9547801	0.9544948	0.975
279483	0.9403553	0.9297207	0.9788114	0.9497141	0.9771042	0.7539062	0.9768762	0.9548246	0.954541	0.975
280014	0.9405251	0.9299366	0.9788771	0.949869	0.9771996	0.7539062	0.9769307	0.954953	0.9546726	0.975
280545	0.9406853	0.9301575	0.9789452	0.9500568	0.9772949	0.7539062	0.9770036	0.9550793	0.9548092	0.975
280722	0.9407558	0.9302212	0.978964	0.9500967	0.9772949	0.7539062	0.9770248	0.9551185	0.9548498	0.975
280899	0.9408245	0.9302803	0.9790016	0.9501554	0.9773407	0.7539062	0.9770412	0.9551709	0.9548962	0.975
282492	0.9413013	0.9308964	0.9791964	0.9507517	0.9774818	0.7539062	0.9772444	0.9555495	0.9552898	0.975
282846	0.9414272	0.9310368	0.9792668	0.9509183	0.9775543	0.7539062	0.9772883	0.9556471	0.9553875	0.975
283200	0.9415436	0.9311745	0.979288	0.9510592	0.9776726	0.7539062	0.9773397	0.9557308	0.9554782	0.975
283554	0.9416752	0.9313305	0.9793255	0.9512094	0.9777222	0.7539062	0.9773981	0.9558208	0.9555771	0.975
283731	0.9417496	0.9313965	0.9793631	0.9512869	0.9777489	0.7539062	0.9774185	0.9558682	0.9556243	0.975
284085	0.9418373	0.9315365	0.9794101	0.9513925	0.9777946	0.7539062	0.9774671	0.9559541	0.9557127	0.975
284793	0.9420586	0.9318325	0.979525	0.9517047	0.9778824	0.7539062	0.9775616	0.9561378	0.9559036	0.975
285855	0.9424057	0.9322262	0.9796683	0.9520592	0.9780273	0.7539062	0.977691	0.9563739	0.9561554	0.975
286032	0.9424324	0.9322742	0.9796988	0.9521437	0.9780693	0.7539062	0.977711	0.9564184	0.9561955	0.975
286209	0.9425049	0.9323269	0.9797363	0.9522165	0.9781265	0.7539062	0.9777263	0.9564662	0.9562392	0.975
286386	0.9425564	0.9324001	0.9797716	0.9522611	0.9781456	0.7539062	0.9777553	0.9565074	0.9562847	0.975
286740	0.9426746	0.9325226	0.9798537	0.9523668	0.9781609	0.7539062	0.9778024	0.9565899	0.9563693	0.975
286917	0.9427319	0.9325908	0.9798678	0.9524137	0.9781876	0.7539062	0.9778255	0.9566227	0.9564086	0.975
287094	0.9427891	0.932645	0.9798772	0.952463	0.9782104	0.7539062	0.9778353	0.9566543	0.9564413	0.975
287271	0.9428501	0.9327015	0.9798866	0.9525241	0.9782104	0.7539062	0.9778628	0.9566954	0.9564824	0.975
287448	0.9429169	0.9327583	0.9798983	0.9525546	0.9782677	0.7539062	0.977878	0.9567277	0.9565178	0.975
287802	0.9430313	0.932888	0.9799265	0.9526696	0.9782867	0.7539062	0.9779224	0.9568156	0.956604	0.975
287979	0.943079	0.9329449	0.9799476	0.9527377	0.9783211	0.7539062	0.9779435	0.9568471	0.9566406	0.975
288333	0.9431515	0.9330757	0.980004	0.9528151	0.9783936	0.7539062	0.9779933	0.9569138	0.9567182	0.975
288864	0.9432697	0.9332752	0.9801096	0.9529372	0.978447	0.7539062	0.9780514	0.9570301	0.9568388	0.975
289041	0.943325	0.9333122	0.9801143	0.9529912	0.9784889	0.7539062	0.978076	0.9570606	0.9568708	0.975
289395	0.9434547	0.9334522	0.9801425	0.9530663	0.9785461	0.7539062	0.9781067	0.9571346	0.9569505	0.975
290103	0.9436226	0.9336842	0.9802246	0.9533104	0.9785881	0.7539062	0.9781886	0.9572828	0.9571025	0.975
290634	0.9437428	0.9338616	0.9802669	0.9534959	0.9786987	0.7539062	0.9782459	0.9573861	0.9572139	0.975
290811	0.9438	0.933934	0.9802927	0.9535546	0.9787292	0.7539062	0.9782682	0.9574279	0.9572588	0.975
290988	0.943821	0.9339779	0.9803138	0.9535992	0.9787903	0.7539062	0.9782886	0.9574563	0.9572896	0.975
291342	0.9439182	0.9340923	0.9803561	0.9537189	0.9788399	0.7539062	0.9783251	0.9575312	0.9573658	0.975
291696	0.9440346	0.934214	0.9803889	0.9538739	0.9789124	0.7539062	0.9783584	0.9576063	0.9574453	0.975
291873	0.9440384	0.9342769	0.9804242	0.953949	0.9789124	0.7539062	0.9783784	0.9576485	0.9574856	0.975
292581	0.9442482	0.934531	0.9804969	0.954111	0.9790115	0.7539062	0.9784525	0.9577702	0.9576293	0.975
293289	0.9444942	0.9347466	0.9805838	0.9543152	0.9790955	0.7539062	0.9785278	0.9579111	0.9577764	0.975
293466	0.9445095	0.9348202	0.9806143	0.954402	0.9791183	0.7539062	0.9785466	0.9579402	0.9578144	0.975
294351	0.9447556	0.9351185	0.9807152	0.9546509	0.9792404	0.7539062	0.9786611	0.9581215	0.9580082	0.975
294528	0.9448242	0.9351757	0.9807528	0.9546931	0.9792557	0.7539062	0.9786724	0.9581535	0.9580432	0.975
295944	0.9451942	0.9356533	0.9809195	0.9551486	0.9794731	0.7539062	0.9788305	0.9584495	0.9583522	0.975
296121	0.9452629	0.9356983	0.9809124	0.9552143	0.9795074	0.7539062	0.9788446	0.9584866	0.9583869	0.975
296652	0.9453945	0.9358624	0.9809523	0.9553739	0.9795876	0.7539062	0.9789003	0.9585974	0.958497	0.975
296829	0.9454288	0.9359268	0.9809641	0.955449	0.9796219	0.7539062	0.9789199	0.9586331	0.958536	0.975
297360	0.9455662	0.9360981	0.9810321	0.955604	0.979702	0.7539062	0.9789689	0.9587365	0.9586443	0.975
298245	0.9458141	0.9363934	0.981119	0.9558528	0.979805	0.7539062	0.9790564	0.9589208	0.9588321	0.975
298599	0.9459267	0.9365085	0.9811566	0.955942	0.9798203	0.7539062	0.9790952	0.958997	0.9589082	0.975
298953	0.9459839	0.9366199	0.9811801	0.956057	0.9799004	0.7539062	0.9791191	0.959062	0.958975	0.975
299130	0.946022	0.9366905	0.9811847	0.9560711	0.979908	0.7539062	0.9791414	0.9591112	0.9590189	0.975
299838	0.9461975	0.9369122	0.9812716	0.9562871	0.9799843	0.7539062	0.9792073	0.9592485	0.9591607	0.975
301077	0.9465237	0.9372997	0.9814312	0.9566157	0.9801292	0.7539062	0.979332	0.9595022	0.9594164	0.975
302316	0.946888	0.9376976	0.9815814	0.956982	0.9802818	0.7539062	0.9794763	0.9597751	0.9596896	0.975
304263	0.9473667	0.9383	0.9818186	0.9575453	0.9805832	0.7539062	0.9796736	0.9601448	0.9600791	0.975
304440	0.9474277	0.9383575	0.9818444	0.9575923	0.9806099	0.7539062	0.9796892	0.9601834	0.9601175	0.975
304617	0.9474716	0.938401	0.981882	0.9576181	0.9806404	0.7539062	0.9797163	0.9602135	0.9601506	0.975
304971	0.9475517	0.9385101	0.9819477	0.9577332	0.9806786	0.7539062	0.979741	0.9602819	0.96022	0.975
307272	0.9481373	0.9391376	0.9821449	0.9582989	0.9809189	0.7539062	0.9799559	0.9606877	0.9606363	0.975
307803	0.9482517	0.9392864	0.9822012	0.9583975	0.980999	0.7539062	0.9800072	0.9607979	0.9607396	0.975
307980	0.9483109	0.9393486	0.9821942	0.9584656	0.9809837	0.7539062	0.980028	0.9608242	0.9607733	0.975
308157	0.9483681	0.9393986	0.9822177	0.9585407	0.9810066	0.7539062	0.9800465	0.9608469	0.9608046	0.975
308334	0.9484138	0.9394428	0.9822177	0.9585876	0.9810181	0.7539062	0.980059	0.9608847	0.9608372	0.975
308511	0.9484615	0.9394802	0.9822599	0.9586322	0.981041	0.7539062	0.9800864	0.9608942	0.960861	0.975
308688	0.9485264	0.939534	0.9822763	0.9586792	0.9810295	0.7539062	0.9801053	0.9609349	0.9608992	0.975
308865	0.9485531	0.9395798	0.9822998	0.9587191	0.9810562	0.7539062	0.9801158	0.9609665	0.9609291	0.975
309396	0.9486656	0.9397434	0.9823397	0.95886	0.9810944	0.7539062	0.9801711	0.9610453	0.961023	0.975
309750	0.9487457	0.9398609	0.9824148	0.9589186	0.9811325	0.7539062	0.9801931	0.9611012	0.9610866	0.975
309927	0.9487896	0.939901	0.9824125	0.9589703	0.9811592	0.7539062	0.9802139	0.9611379	0.9611198	0.975
311166	0.9490967	0.9402248	0.9825322	0.9592685	0.9813004	0.7539062	0.9803339	0.9613437	0.9613366	0.975
311874	0.9492607	0.9404243	0.9825979	0.9594445	0.9813919	0.7539062	0.9803966	0.9614539	0.9614589	0.975
312051	0.9493256	0.9404724	0.9826144	0.9595196	0.9813995	0.7539062	0.9804041	0.9614921	0.9614938	0.975
312228	0.9493713	0.9405335	0.9826472	0.9595501	0.9814186	0.7539062	0.9804233	0.9615198	0.9615279	0.975
312582	0.9494209	0.9406124	0.9826613	0.9596229	0.9814415	0.7539062	0.9804437	0.9615692	0.9615766	0.975
312936	0.9495163	0.9407226	0.982706	0.9597098	0.9814682	0.7539062	0.9804856	0.961629	0.9616449	0.975
313113	0.9495773	0.9407623	0.9827552	0.959745	0.9814987	0.7539062	0.9804993	0.9616612	0.9616767	0.975
313821	0.9497757	0.9409687	0.9827881	0.9599304	0.9815826	0.7539062	0.9805574	0.9617804	0.961804	0.975
313998	0.9498081	0.941016	0.9828139	0.9599797	0.9815865	0.7539062	0.9805719	0.961814	0.9618362	0.975
314175	0.9498501	0.9410629	0.9828139	0.960022	0.9816055	0.7539062	0.980584	0.9618438	0.9618656	0.975
314352	0.9498749	0.9411224	0.9828327	0.9600595	0.9816284	0.7539062	0.9806009	0.9618759	0.9618996	0.975
314883	0.9500141	0.9412518	0.9828679	0.9601933	0.9817162	0.7539062	0.980644	0.9619574	0.9619864	0.975
315237	0.9500713	0.9413494	0.9829336	0.960252	0.9817276	0.7539062	0.9806742	0.9620097	0.9620439	0.975
315591	0.9501648	0.9414467	0.9829689	0.9603084	0.9817734	0.7539062	0.980706	0.9620711	0.9621068	0.975
315768	0.950201	0.9414924	0.9829642	0.9603506	0.9817657	0.7539062	0.9807154	0.9621066	0.9621369	0.975
316122	0.9503059	0.9416023	0.9829947	0.9604515	0.981823	0.7539062	0.9807452	0.9621656	0.9622033	0.975
316476	0.9503651	0.9416954	0.9830346	0.9605361	0.981842	0.7539062	0.9807734	0.9622254	0.9622629	0.975
316653	0.9504147	0.9417354	0.983051	0.9605948	0.9818802	0.7539062	0.980793	0.9622466	0.9622907	0.975
317007	0.9504814	0.9418274	0.983098	0.9606699	0.9819145	0.7539062	0.9808228	0.9623117	0.9623532	0.975
317361	0.9505348	0.9419216	0.9831238	0.9607379	0.9819641	0.7539062	0.9808605	0.9623711	0.9624143	0.975
317892	0.9506836	0.9420624	0.9831731	0.9608835	0.9820175	0.7539062	0.980913	0.9624524	0.9625061	0.975
318600	0.9508572	0.9422607	0.9832106	0.9610596	0.9820786	0.7539062	0.9809605	0.9625607	0.9626228	0.975
318954	0.9509125	0.9423584	0.9832435	0.9611183	0.982132	0.7539062	0.9809922	0.9626218	0.9626842	0.975
319308	0.9509964	0.9424599	0.9832787	0.9612497	0.9821777	0.7539062	0.981035	0.9626871	0.9627543	0.975
320724	0.9512768	0.9428204	0.9833844	0.9615455	0.9823494	0.7539062	0.9811628	0.9629367	0.9629983	0.975
321255	0.9514198	0.9429477	0.9834477	0.9616957	0.9823875	0.7539062	0.9812047	0.9630226	0.9630869	0.975
321609	0.9514904	0.9430481	0.9834759	0.9617779	0.9824219	0.7539062	0.9812405	0.9630831	0.9631504	0.975
321786	0.9515228	0.9430962	0.9834947	0.9618108	0.9824295	0.7539062	0.9812534	0.9631094	0.9631784	0.975
322317	0.9516277	0.9432373	0.9835393	0.9619469	0.9825134	0.7539062	0.9812981	0.9631826	0.9632633	0.975
322671	0.9517097	0.9433106	0.983544	0.9620079	0.9825439	0.7539062	0.981322	0.9632378	0.9633148	0.975
322848	0.9517479	0.9433662	0.9835863	0.9620643	0.9825439	0.7539062	0.9813353	0.9632582	0.9633439	0.975
323025	0.9517746	0.9434147	0.9835886	0.9621089	0.9825897	0.7539062	0.9813467	0.9632816	0.9633709	0.975
323379	0.9518375	0.9435021	0.9836403	0.9621793	0.9825974	0.7539062	0.9813906	0.9633302	0.9634276	0.975
325326	0.9522781	0.9439526	0.9838046	0.9625714	0.9827919	0.7539062	0.9815471	0.9636215	0.9637285	0.975
326742	0.952589	0.9442948	0.9838867	0.9628507	0.9829369	0.7539062	0.9816431	0.9638144	0.9639369	0.975
327096	0.9526672	0.944379	0.9838961	0.9629094	0.9829636	0.7539062	0.9816639	0.9638554	0.9639839	0.975
327627	0.9527493	0.9445003	0.983983	0.9630502	0.9829941	0.7539062	0.9817122	0.9639331	0.9640666	0.975
327981	0.9528008	0.9445789	0.9839994	0.9630761	0.9830246	0.7539062	0.981738	0.9639891	0.9641179	0.975
329397	0.9530811	0.9449154	0.9841309	0.9633132	0.9831047	0.7539062	0.9818259	0.9641754	0.9643178	0.975
330282	0.9532623	0.9451202	0.9842201	0.9635127	0.9831963	0.7539062	0.9818988	0.9642987	0.9644516	0.975
330459	0.9532986	0.9451332	0.9842365	0.9635221	0.9832153	0.7539062	0.9819094	0.9643258	0.9644712	0.975
330990	0.9533882	0.9452587	0.9842482	0.963623	0.983242	0.7539062	0.9819459	0.9644028	0.9645482	0.975
331344	0.9534397	0.9453457	0.984274	0.9637123	0.9832726	0.7539062	0.9819658	0.9644353	0.9645926	0.975
332052	0.953577	0.9455169	0.9843327	0.9638766	0.9833412	0.7539062	0.9820141	0.9645438	0.9647026	0.975
332229	0.9536018	0.9455677	0.9843445	0.9639212	0.9833336	0.7539062	0.9820329	0.9645589	0.9647272	0.975
333468	0.9537945	0.9458488	0.9844173	0.9641348	0.983448	0.7539062	0.9821489	0.9647261	0.9649068	0.975
333822	0.9538612	0.945932	0.9844689	0.9642146	0.9834709	0.7539062	0.9821721	0.9647761	0.9649596	0.975
334176	0.9539185	0.9460095	0.9844924	0.9642968	0.9834862	0.7539062	0.9822038	0.9648275	0.9650121	0.975
334530	0.9540043	0.9460934	0.9845182	0.9643695	0.983532	0.7539062	0.9822336	0.9648649	0.9650613	0.975
334707	0.9540367	0.9461212	0.9845276	0.9643766	0.9835625	0.7539062	0.9822603	0.9648963	0.9650893	0.975
334884	0.9540539	0.9461468	0.9845487	0.9644024	0.9835815	0.7539062	0.9822651	0.9649161	0.9651072	0.975
335592	0.9541378	0.9463161	0.9846074	0.964548	0.9836464	0.7539062	0.9823136	0.964999	0.9652028	0.975
336477	0.9543266	0.9465107	0.9846731	0.9647217	0.9837189	0.7539062	0.9823756	0.9651173	0.965328	0.975
336654	0.9543533	0.9465488	0.9846731	0.9647545	0.9837456	0.7539062	0.9823909	0.9651447	0.9653544	0.975
337008	0.9544582	0.9466366	0.984713	0.9648555	0.9837723	0.7539062	0.9824101	0.9652069	0.9654146	0.975
337362	0.9545288	0.9467281	0.9847084	0.9649142	0.9838104	0.7539062	0.9824328	0.9652659	0.9654708	0.975
337893	0.9546108	0.9468525	0.9847459	0.964994	0.9838524	0.7539062	0.9824736	0.965341	0.9655478	0.975
338247	0.9546833	0.9469467	0.9847928	0.9650856	0.9838943	0.7539062	0.9825011	0.9653986	0.9656082	0.975
338424	0.9547024	0.9469852	0.9847975	0.9651137	0.9839287	0.7539062	0.9825116	0.9654278	0.9656342	0.975
338955	0.9547958	0.9470997	0.9848328	0.965224	0.9839363	0.7539062	0.9825642	0.9655007	0.9657114	0.975
339486	0.9548569	0.9472065	0.984875	0.9653414	0.9839783	0.7539062	0.9825952	0.9655694	0.9657802	0.975
340017	0.9549484	0.9473312	0.9849196	0.9654611	0.9840469	0.7539062	0.9826415	0.9656321	0.9658558	0.975
340194	0.9549904	0.9473694	0.984922	0.9654917	0.9840355	0.7539062	0.9826559	0.9656517	0.9658785	0.975
340902	0.9551182	0.9475209	0.9849783	0.9656537	0.9840851	0.7539062	0.9827117	0.9657429	0.9659773	0.975
341433	0.9552097	0.9476341	0.9850065	0.9657311	0.9841423	0.7539062	0.982734	0.9658105	0.9660451	0.975
342318	0.9553738	0.9477966	0.9850628	0.9658673	0.9842186	0.7539062	0.9827936	0.9659146	0.966154	0.975
343026	0.9554787	0.9479305	0.9851004	0.9660128	0.9842873	0.7539062	0.9828379	0.9660068	0.9662451	0.975
343734	0.9555912	0.9480923	0.9851544	0.9661583	0.9843521	0.7539062	0.9828807	0.9660866	0.9663374	0.975
343911	0.9556217	0.9481331	0.9851708	0.9662288	0.9843826	0.7539062	0.9828944	0.9661058	0.9663627	0.975
344088	0.9556427	0.9481636	0.9851967	0.9662241	0.9844017	0.7539062	0.9829046	0.9661238	0.9663815	0.975
344265	0.9556789	0.9482071	0.985213	0.966257	0.9843979	0.7539062	0.982923	0.9661446	0.9664072	0.975
345327	0.955864	0.9483948	0.9853023	0.9664494	0.984478	0.7539062	0.9829881	0.9662709	0.9665365	0.975
346212	0.9560146	0.9485683	0.9853656	0.9666044	0.9845772	0.7539062	0.9830422	0.9663836	0.9666511	0.975
347451	0.9562473	0.9488037	0.9854596	0.9668438	0.9846382	0.7539062	0.9831191	0.9665314	0.9668062	0.975
347805	0.9563293	0.9488956	0.9854877	0.9669635	0.9846649	0.7539062	0.9831269	0.9665648	0.9668519	0.975
349044	0.956522	0.9491066	0.9855629	0.9671772	0.9847794	0.7539062	0.9832159	0.9667085	0.9670002	0.975
350637	0.9568062	0.9494408	0.9856662	0.9674518	0.9848557	0.7539062	0.9833124	0.9668845	0.9671975	0.975
350991	0.9568596	0.9494984	0.9856943	0.967487	0.9849052	0.7539062	0.9833355	0.9669208	0.9672364	0.975
351699	0.9569855	0.9496376	0.9857413	0.9676114	0.9849625	0.7539062	0.9833829	0.9670022	0.967325	0.975
352053	0.9570427	0.9497154	0.9857577	0.9676561	0.9849815	0.7539062	0.9834014	0.9670463	0.96737	0.975
352938	0.9571629	0.9498863	0.9857953	0.9678204	0.9850693	0.7539062	0.9834402	0.967136	0.9674689	0.975
353115	0.9571896	0.949934	0.9857929	0.9678298	0.9850883	0.7539062	0.9834555	0.967157	0.9674935	0.975
355593	0.9576473	0.9504265	0.9859689	0.9682664	0.9852791	0.7539062	0.9836076	0.9674646	0.9678124	0.975
355947	0.9576874	0.9505016	0.9859901	0.9683322	0.9853058	0.7539062	0.983632	0.967517	0.967862	0.975
357009	0.9578342	0.9507	0.9860582	0.9685129	0.9853935	0.7539062	0.9836939	0.9676238	0.967982	0.975
357186	0.95788	0.9507343	0.9860746	0.968527	0.9853897	0.7539062	0.9837111	0.9676425	0.9680042	0.975
357363	0.957922	0.9507698	0.9860957	0.9685669	0.9854126	0.7539062	0.9837158	0.9676676	0.9680283	0.975
358602	0.9580936	0.951001	0.9861896	0.9687547	0.9855309	0.7539062	0.9837884	0.9677936	0.968169	0.975
360195	0.9582844	0.9512833	0.9862765	0.9689965	0.98563	0.7539062	0.98387	0.9679667	0.968345	0.975
361257	0.9584389	0.9514462	0.9863352	0.9691632	0.985733	0.7539062	0.9839393	0.9680805	0.9684615	0.975
361434	0.9584484	0.9514767	0.9863563	0.9691843	0.9857368	0.7539062	0.9839519	0.9680955	0.9684794	0.975
362850	0.958643	0.9517048	0.9864784	0.969358	0.9858627	0.7539062	0.9840335	0.968236	0.9686291	0.975
363204	0.9586906	0.9517639	0.9864925	0.9694425	0.9859085	0.7539062	0.9840476	0.968274	0.968668	0.975
363735	0.9587593	0.9518543	0.9865018	0.969534	0.9859009	0.7539062	0.9840747	0.9683253	0.9687222	0.975
363912	0.9587631	0.9518787	0.98653	0.9695669	0.9859047	0.7539062	0.9840797	0.9683473	0.9687405	0.975
364266	0.9588146	0.9519424	0.9865652	0.9695763	0.98592	0.7539062	0.9840919	0.9683718	0.9687718	0.975
365151	0.9589386	0.9520748	0.9866239	0.9697524	0.9860001	0.7539062	0.9841428	0.9684592	0.9688649	0.975
366036	0.9590569	0.952206	0.9866803	0.969851	0.9860535	0.7539062	0.984195	0.968538	0.9689506	0.975
366744	0.9591579	0.9523113	0.9867178	0.9699472	0.986084	0.7539062	0.9842287	0.9686065	0.9690202	0.975
367275	0.9592514	0.9523884	0.9867201	0.9700364	0.9860878	0.7539062	0.9842464	0.9686569	0.96907	0.975
367629	0.95928	0.952441	0.9867906	0.9700717	0.9861069	0.7539062	0.9842711	0.9686977	0.9691098	0.975
368160	0.9593697	0.9525375	0.9868234	0.9701491	0.986145	0.7539062	0.984297	0.9687473	0.9691666	0.975
368691	0.959444	0.9526146	0.9868634	0.9702148	0.9861908	0.7539062	0.9843224	0.9687986	0.969219	0.975
369399	0.9595299	0.9527432	0.9868892	0.9703604	0.9862404	0.7539062	0.9843664	0.9688659	0.9692966	0.975
370107	0.9596214	0.9528599	0.9869127	0.9704613	0.9862747	0.7539062	0.9843993	0.9689319	0.9693668	0.975
370461	0.9596577	0.9529259	0.9869455	0.970506	0.9863205	0.7539062	0.9844185	0.9689694	0.9694068	0.975
370638	0.9596672	0.9529617	0.9869596	0.9705223	0.9863396	0.7539062	0.9844189	0.9689898	0.9694255	0.975
370992	0.9597435	0.9530125	0.986969	0.970567	0.9863472	0.7539062	0.9844373	0.9690239	0.9694607	0.975
372762	0.9599953	0.9533253	0.98707	0.9708158	0.9864731	0.7539062	0.9845362	0.9692191	0.9696606	0.975
373293	0.960062	0.9534065	0.9871169	0.9709285	0.986515	0.7539062	0.9845566	0.9692751	0.9697164	0.975
373470	0.9600811	0.9534321	0.9871145	0.970952	0.9865112	0.7539062	0.9845695	0.9692953	0.969735	0.975
373824	0.9601364	0.9534988	0.9871333	0.9710177	0.9865456	0.7539062	0.9845891	0.9693213	0.9697712	0.975
374709	0.9602356	0.9536331	0.9871638	0.9711609	0.9865837	0.7539062	0.9846448	0.9694058	0.9698603	0.975
375948	0.960434	0.9538285	0.9872155	0.9713135	0.986618	0.7539062	0.9846957	0.9695135	0.9699771	0.975
376302	0.9604683	0.953873	0.9872342	0.9713839	0.9866676	0.7539062	0.9847095	0.9695466	0.9700098	0.975
376833	0.9605598	0.9539413	0.9872577	0.9714426	0.9866982	0.7539062	0.984742	0.9695966	0.9700609	0.975
377364	0.9606342	0.9540237	0.9873024	0.9715318	0.986702	0.7539062	0.9847636	0.9696497	0.9701145	0.975
377541	0.9606533	0.9540443	0.9872906	0.9715553	0.9867401	0.7539062	0.9847761	0.9696677	0.9701316	0.975
378072	0.9607067	0.954113	0.9873094	0.9716234	0.9867592	0.7539062	0.9848071	0.9697121	0.9701781	0.975
378603	0.9607658	0.954195	0.9873352	0.971682	0.9868011	0.7539062	0.9848369	0.9697638	0.9702313	0.975
379134	0.9608326	0.9542759	0.9873657	0.9717572	0.9868355	0.7539062	0.984871	0.9697991	0.970279	0.975
379665	0.9609165	0.9543503	0.9873845	0.971837	0.9868889	0.7539062	0.9848934	0.9698328	0.970323	0.975
380019	0.9609585	0.9544067	0.987415	0.9718628	0.9869003	0.7539062	0.9849012	0.9698697	0.970357	0.975
380196	0.9609776	0.9544323	0.9874127	0.971898	0.9868927	0.7539062	0.9849102	0.9698848	0.9703729	0.975
380373	0.9610043	0.9544586	0.9874362	0.9719215	0.9868927	0.7539062	0.9849228	0.9698997	0.9703906	0.975
380727	0.9610329	0.9545155	0.9874362	0.9719614	0.9869423	0.7539062	0.9849314	0.9699338	0.9704233	0.975
382143	0.9612083	0.9547035	0.9875089	0.9721116	0.9870148	0.7539062	0.9849985	0.9700506	0.9705464	0.975
382320	0.9612617	0.9547199	0.9875113	0.972128	0.98703	0.7539062	0.9850094	0.9700614	0.9705603	0.975
382497	0.9612579	0.9547428	0.9875066	0.9721609	0.9870262	0.7539062	0.985022	0.9700783	0.970576	0.975
382674	0.9612827	0.954771	0.9875136	0.9721727	0.9870224	0.7539062	0.9850263	0.9700947	0.9705919	0.975
383559	0.9613819	0.9549087	0.987577	0.97229	0.9870834	0.7539062	0.9850651	0.9701645	0.9706725	0.975
383736	0.9614372	0.9549419	0.9875793	0.9723111	0.9870834	0.7539062	0.9850687	0.9701785	0.9706898	0.975
383913	0.9614601	0.9549652	0.9875841	0.9723323	0.9870987	0.7539062	0.98508	0.9701896	0.9707045	0.975
384267	0.9615002	0.9550095	0.9875864	0.9723746	0.9870872	0.7539062	0.9850922	0.9702208	0.9707333	0.975
384621	0.961525	0.9550549	0.9876216	0.972398	0.9870949	0.7539062	0.9851106	0.9702479	0.9707621	0.975
384798	0.9615707	0.9550766	0.9876239	0.9724215	0.9871063	0.7539062	0.9851208	0.97026	0.9707775	0.975
384975	0.9615898	0.9550968	0.9876286	0.9724403	0.987133	0.7539062	0.9851165	0.9702795	0.9707916	0.975
385152	0.961586	0.9551266	0.9876216	0.9724684	0.9871445	0.7539062	0.9851236	0.9702871	0.9708038	0.975
385329	0.9616108	0.9551548	0.9876286	0.9724896	0.9871635	0.7539062	0.9851338	0.9703053	0.9708225	0.975
385506	0.9616432	0.9551811	0.9876474	0.9725342	0.9871826	0.7539062	0.9851443	0.9703265	0.9708437	0.975
386037	0.9617043	0.9552479	0.9876897	0.9725647	0.9872093	0.7539062	0.9851659	0.9703774	0.9708908	0.975
386391	0.9617443	0.9553146	0.9876967	0.9726422	0.987236	0.7539062	0.9851741	0.9704006	0.9709225	0.975
386745	0.9617939	0.9553658	0.9877249	0.9726938	0.9872704	0.7539062	0.9851937	0.9704343	0.9709582	0.975
387807	0.9619026	0.9555122	0.987793	0.9728441	0.9873085	0.7539062	0.9852467	0.9705192	0.9710515	0.975
387984	0.9619141	0.9555351	0.9877977	0.9728605	0.9873352	0.7539062	0.9852538	0.9705383	0.9710681	0.975
388338	0.9619675	0.955574	0.987807	0.9728746	0.9873123	0.7539062	0.98526	0.9705657	0.9710924	0.975
388515	0.9619808	0.9555969	0.9878235	0.9729027	0.9873314	0.7539062	0.9852663	0.9705808	0.9711078	0.975
388692	0.9620075	0.9556274	0.9878165	0.9729332	0.9873352	0.7539062	0.9852694	0.9705904	0.9711215	0.975
388869	0.9620342	0.9556629	0.9878188	0.9729309	0.9873543	0.7539062	0.9852796	0.9706051	0.9711394	0.975
389046	0.9620628	0.9556915	0.9878446	0.9729638	0.9873581	0.7539062	0.9852796	0.9706171	0.9711542	0.975
389754	0.9621601	0.9557865	0.987861	0.973053	0.9874229	0.7539062	0.9853161	0.9706672	0.9712139	0.975
390639	0.9622898	0.9559177	0.9878916	0.9731868	0.9874649	0.7539062	0.9853659	0.9707447	0.9712991	0.975
391878	0.962429	0.956089	0.9879831	0.9733464	0.9875412	0.7539062	0.9854149	0.9708629	0.9714147	0.975
392232	0.9624863	0.9561371	0.9879808	0.9733769	0.9875641	0.7539062	0.9854435	0.9708988	0.9714508	0.975
392763	0.962553	0.9562	0.9879878	0.9734169	0.9875793	0.7539062	0.9854588	0.9709451	0.9714927	0.975
393294	0.9626141	0.956287	0.9879996	0.9735178	0.9876099	0.7539062	0.985491	0.970988	0.9715445	0.975
393471	0.9626389	0.9562901	0.9880207	0.9735202	0.9876404	0.7539062	0.9854913	0.9710078	0.9715564	0.975
393648	0.9626465	0.9563084	0.9880348	0.973553	0.9876442	0.7539062	0.9854957	0.9710205	0.9715689	0.975
394179	0.9627018	0.9563805	0.9880653	0.9735835	0.9876785	0.7539062	0.9855126	0.9710602	0.9716107	0.975
394887	0.9628162	0.9564579	0.9880934	0.9736328	0.9877014	0.7539062	0.9855419	0.971117	0.9716667	0.975
397719	0.9630833	0.9568359	0.9881827	0.9739403	0.9878387	0.7539062	0.9856525	0.9713166	0.971888	0.975
398073	0.9631176	0.9568745	0.9881874	0.9739755	0.9878807	0.7539062	0.9856729	0.9713376	0.9719137	0.975
398427	0.9631577	0.9569027	0.9882296	0.9739896	0.987896	0.7539062	0.9856913	0.9713611	0.971938	0.975
399135	0.9632378	0.9569927	0.988286	0.9740695	0.9879303	0.7539062	0.9857255	0.9714105	0.9719954	0.975
399666	0.9632874	0.9570507	0.988286	0.9741211	0.9879303	0.7539062	0.985747	0.9714562	0.9720364	0.975
400020	0.9633312	0.9570942	0.9883188	0.9741493	0.9879532	0.7539062	0.9857678	0.9714825	0.9720663	0.975
401082	0.9634266	0.9572212	0.9883611	0.9742408	0.9879837	0.7539062	0.985805	0.9715587	0.9721445	0.975
401613	0.9634972	0.9572827	0.9883939	0.9742854	0.9880142	0.7539062	0.9858109	0.9715965	0.9721821	0.975
401790	0.9635124	0.957301	0.9883869	0.9743042	0.9880257	0.7539062	0.9858168	0.9716012	0.9721907	0.975
402321	0.9635906	0.9573647	0.9884033	0.9743512	0.9880371	0.7539062	0.9858282	0.9716368	0.9722283	0.975
402498	0.9636097	0.9573876	0.988408	0.9743535	0.9880371	0.7539062	0.98584	0.9716477	0.9722417	0.975
403029	0.9636536	0.9574566	0.9884244	0.9744568	0.9880333	0.7539062	0.9858686	0.9716859	0.9722855	0.975
403560	0.9637318	0.9575119	0.9884456	0.9745084	0.98806	0.7539062	0.9858847	0.9717218	0.9723231	0.975
403737	0.9637547	0.9575321	0.9884479	0.9745272	0.98806	0.7539062	0.9858956	0.971734	0.9723369	0.975
404976	0.9639091	0.9576904	0.9885043	0.9746164	0.9881134	0.7539062	0.9859305	0.9718205	0.9724294	0.975
405153	0.9639263	0.9577095	0.9884972	0.9746446	0.9881134	0.7539062	0.9859352	0.9718322	0.9724411	0.975
405684	0.964016	0.9577774	0.9885113	0.9746892	0.988163	0.7539062	0.985947	0.9718671	0.9724807	0.975
405861	0.9640331	0.9577972	0.9885089	0.9747127	0.9881706	0.7539062	0.985954	0.9718751	0.9724917	0.975
406038	0.9640617	0.9578182	0.9885113	0.974722	0.9881821	0.7539062	0.9859611	0.971893	0.9725074	0.975
406569	0.9641228	0.9578804	0.9885418	0.9748183	0.9881821	0.7539062	0.9859729	0.9719438	0.9725525	0.975
406923	0.9641533	0.9579315	0.9885629	0.9748441	0.9881973	0.7539062	0.9859897	0.9719638	0.9725794	0.975
407277	0.9642067	0.9579579	0.9885677	0.9748676	0.9882164	0.7539062	0.9860035	0.9719841	0.9726006	0.975
407454	0.9642334	0.9579929	0.9885747	0.9749005	0.9882317	0.7539062	0.986016	0.9719985	0.9726201	0.975
407808	0.9642715	0.9580356	0.9886193	0.9749521	0.9882927	0.7539062	0.9860352	0.9720363	0.9726562	0.975
408516	0.9643497	0.9581383	0.9886075	0.9750437	0.9883347	0.7539062	0.986067	0.9720881	0.972715	0.975
408693	0.9643726	0.958141	0.988624	0.9750577	0.988327	0.7539062	0.9860717	0.9721032	0.972725	0.975
409401	0.9644527	0.9582337	0.9886733	0.9751047	0.9883499	0.7539062	0.9861023	0.9721657	0.9727862	0.975
409932	0.9645252	0.9582752	0.9886803	0.9751376	0.9883957	0.7539062	0.9861137	0.9722077	0.9728214	0.975
410817	0.9646301	0.9583732	0.9887343	0.9752197	0.9884415	0.7539062	0.9861454	0.97226	0.9728827	0.975
411171	0.964674	0.9584206	0.9887601	0.9752455	0.9884529	0.7539062	0.9861677	0.9722875	0.9729137	0.975
411525	0.9647083	0.9584728	0.9887883	0.9752948	0.9884872	0.7539062	0.9861807	0.9723108	0.9729429	0.975
411879	0.9647217	0.9585064	0.988793	0.9752995	0.9884872	0.7539062	0.9861905	0.9723353	0.9729639	0.975
412941	0.9648476	0.9586273	0.9888259	0.9754052	0.988472	0.7539062	0.9862226	0.9723949	0.973033	0.975
413295	0.9648781	0.9586601	0.9888423	0.9754544	0.9885406	0.7539062	0.9862305	0.9724184	0.9730572	0.975
413826	0.9649258	0.9587215	0.9888752	0.9755061	0.9885521	0.7539062	0.9862528	0.9724541	0.9730962	0.975
414888	0.9650192	0.9588181	0.9889033	0.975593	0.9886055	0.7539062	0.9862826	0.9725124	0.9731581	0.975
415065	0.9650478	0.9588345	0.9889057	0.9756047	0.9885941	0.7539062	0.9862928	0.9725241	0.9731705	0.975
415773	0.9651241	0.9589134	0.9889409	0.975661	0.9886055	0.7539062	0.9863164	0.9725627	0.9732163	0.975
417189	0.9652691	0.9590508	0.9889832	0.9757456	0.9886971	0.7539062	0.9863485	0.9726429	0.9733007	0.975
417720	0.9653091	0.9591267	0.9889926	0.9757972	0.9887123	0.7539062	0.9863642	0.972676	0.9733392	0.975
418074	0.9653511	0.9591449	0.9890066	0.9758324	0.9887466	0.7539062	0.9863744	0.9726974	0.9733589	0.975
418959	0.9654503	0.9592472	0.9890372	0.9759052	0.9887886	0.7539062	0.9863858	0.9727496	0.9734152	0.975
419490	0.965498	0.9593025	0.9890864	0.9759474	0.9888153	0.7539062	0.9864042	0.9727774	0.9734492	0.975
420729	0.9656391	0.9594353	0.9890864	0.9760789	0.9888458	0.7539062	0.9864528	0.9728482	0.9735307	0.975
420906	0.9656715	0.9594536	0.9890935	0.9760789	0.9888382	0.7539062	0.9864551	0.9728605	0.973542	0.975
423207	0.9659481	0.9596783	0.9892179	0.9762902	0.9889069	0.7539062	0.9865324	0.9730005	0.9736937	0.975
423561	0.9659653	0.9597195	0.9892226	0.9763113	0.9889297	0.7539062	0.9865387	0.9730119	0.9737111	0.975
424269	0.966032	0.9597816	0.9892484	0.9763512	0.9889374	0.7539062	0.9865658	0.9730493	0.9737521	0.975
424800	0.9661026	0.9598362	0.9892601	0.9764122	0.9889221	0.7539062	0.9865724	0.9730904	0.9737884	0.975
425862	0.9662132	0.9599579	0.9893212	0.9765343	0.9889717	0.7539062	0.9866112	0.973159	0.9738654	0.975
426393	0.9662457	0.9600078	0.9893283	0.9765602	0.9889641	0.7539062	0.9866375	0.9732023	0.9739031	0.975
427455	0.9663525	0.96012	0.9893611	0.9766916	0.9890556	0.7539062	0.9866803	0.9732729	0.9739797	0.975
427809	0.9663944	0.9601563	0.9893752	0.9767339	0.9890709	0.7539062	0.9866853	0.9732962	0.974003	0.975
427986	0.9663982	0.9601704	0.9893846	0.9767573	0.9890633	0.7539062	0.9866885	0.9733077	0.9740129	0.975
428163	0.9664135	0.9601856	0.9893869	0.9767714	0.9890938	0.7539062	0.9866963	0.9733191	0.9740247	0.975
428340	0.9664288	0.960199	0.9894127	0.9767691	0.9890747	0.7539062	0.986701	0.9733276	0.9740334	0.975
429225	0.9665012	0.9602806	0.9894386	0.9768489	0.9890938	0.7539062	0.9867316	0.9733995	0.9740961	0.975
429579	0.9665222	0.9603199	0.9894667	0.9768512	0.9891167	0.7539062	0.9867402	0.9734274	0.974121	0.975
430287	0.9666176	0.9603707	0.9894925	0.9769334	0.9891586	0.7539062	0.9867826	0.9734614	0.9741648	0.975
431172	0.9667263	0.9604534	0.9895043	0.9770015	0.9892197	0.7539062	0.9867994	0.973514	0.9742181	0.975
432234	0.9667759	0.9605488	0.9895301	0.9770602	0.9892693	0.7539062	0.9868269	0.973573	0.9742766	0.975
432411	0.9667931	0.9605667	0.9895465	0.9770977	0.9892921	0.7539062	0.9868308	0.9735849	0.9742897	0.975
432588	0.966814	0.9605767	0.9895489	0.9771283	0.9892769	0.7539062	0.9868281	0.9735936	0.9742967	0.975
433119	0.9668579	0.9606438	0.989556	0.9771541	0.9892998	0.7539062	0.9868386	0.9736254	0.974331	0.975
433296	0.9668827	0.9606552	0.9895677	0.9771846	0.9893303	0.7539062	0.9868492	0.9736336	0.9743426	0.975
433473	0.9668884	0.9606655	0.9895818	0.9771729	0.9892998	0.7539062	0.986852	0.9736377	0.9743469	0.975
433650	0.9669056	0.960683	0.9895724	0.9771846	0.9893188	0.7539062	0.9868516	0.9736481	0.9743564	0.975
434535	0.9669666	0.9607655	0.9895888	0.9772597	0.9893456	0.7539062	0.9868755	0.9736842	0.9744016	0.975
436482	0.9671497	0.9609432	0.9896733	0.9773818	0.9894028	0.7539062	0.9869335	0.973782	0.9745117	0.975
436836	0.9671726	0.9609737	0.9896851	0.9774123	0.9894218	0.7539062	0.9869446	0.9738004	0.9745317	0.975
437013	0.9671745	0.9609905	0.9896874	0.9774287	0.9894333	0.7539062	0.9869457	0.9738126	0.9745418	0.975
437367	0.967205	0.9610275	0.9896921	0.9774358	0.9894447	0.7539062	0.9869586	0.9738267	0.9745607	0.975
438252	0.9672871	0.9610981	0.9896991	0.9774804	0.9894638	0.7539062	0.9869716	0.9738653	0.9746015	0.975
438429	0.9673042	0.9611157	0.9897133	0.9774991	0.9894524	0.7539062	0.986981	0.9738769	0.974614	0.975
438783	0.9673424	0.9611443	0.9897133	0.9775555	0.9894447	0.7539062	0.9869818	0.9738944	0.9746314	0.975
439491	0.9673958	0.9612049	0.9897296	0.9776376	0.9894791	0.7539062	0.9869963	0.9739271	0.9746686	0.975
440376	0.9674797	0.9612759	0.9897696	0.9776987	0.9895172	0.7539062	0.9870061	0.9739689	0.9747123	0.975
440553	0.9674969	0.9612942	0.9897649	0.9777128	0.9895248	0.7539062	0.9870135	0.9739743	0.9747216	0.975
440730	0.9675045	0.9613003	0.9897719	0.9777245	0.9895172	0.7539062	0.9870253	0.9739859	0.9747312	0.975
442323	0.967638	0.9614429	0.9898564	0.9778184	0.9896507	0.7539062	0.987052	0.9740602	0.9748153	0.975
443739	0.9677906	0.9616005	0.9898776	0.9779029	0.9896965	0.7539062	0.9871135	0.9741483	0.9749123	0.975
443916	0.9678001	0.9616215	0.9898752	0.9779123	0.9896851	0.7539062	0.9871159	0.9741622	0.9749238	0.975
444093	0.9678249	0.9616337	0.9898987	0.9779335	0.9896889	0.7539062	0.987121	0.9741765	0.9749365	0.975
444978	0.9679089	0.9617192	0.9899222	0.9779968	0.9897423	0.7539062	0.9871504	0.9742141	0.9749857	0.975
446571	0.9680424	0.9617473	0.9899503	0.9780555	0.9897423	0.7539062	0.9871265	0.9742219	0.9749992	0.975
446925	0.9680538	0.9617378	0.989948	0.9780579	0.9897423	0.7539062	0.9871277	0.9742225	0.9749981	0.975
447102	0.9680634	0.9617447	0.9899386	0.9780743	0.9897537	0.7539062	0.9871249	0.9742216	0.9749995	0.975
448164	0.9680977	0.9617394	0.9899691	0.978079	0.9897766	0.7539062	0.9871061	0.9742208	0.9749972	0.975
448341	0.9681091	0.9617451	0.9899668	0.9780813	0.9897499	0.7539062	0.9871022	0.9742216	0.9749979	0.975
448695	0.9681187	0.9617516	0.9899668	0.9780884	0.9897728	0.7539062	0.9870963	0.9742206	0.9749988	0.975
448872	0.9681435	0.9617577	0.9899855	0.9780907	0.9897499	0.7539062	0.9870947	0.9742188	0.9750004	0.975
449226	0.9681416	0.9617577	0.989962	0.9781212	0.9897461	0.7539062	0.9870892	0.9742182	0.9749991	0.975
449580	0.9681568	0.9617607	0.9899785	0.9781283	0.9897461	0.7539062	0.9870794	0.9742167	0.9749985	0.975
449934	0.9681606	0.9617516	0.9899691	0.9781471	0.9897499	0.7539062	0.9870849	0.974219	0.9749992	0.975
450642	0.968174	0.9617596	0.9899808	0.9781893	0.9897461	0.7539062	0.9870782	0.9742149	0.9750003	0.975
450996	0.968195	0.9617672	0.9899597	0.9782034	0.9897614	0.7539062	0.9870637	0.9742125	0.9749988	0.975
451173	0.9681873	0.9617718	0.9899574	0.9782081	0.9897423	0.7539062	0.9870591	0.9742169	0.975	0.975
451704	0.9681969	0.9617748	0.9899715	0.9782081	0.9897461	0.7539062	0.987061	0.9742106	0.9749994	0.975
451881	0.9682026	0.9617794	0.9899785	0.9781917	0.9897575	0.7539062	0.9870524	0.9742137	0.9750001	0.975
452058	0.968214	0.961784	0.9899832	0.9781917	0.9897537	0.7539062	0.9870477	0.9742094	0.9749988	0.975
452412	0.9682217	0.9617939	0.9899855	0.978201	0.9897537	0.7539062	0.9870453	0.9742047	0.9749992	0.975
452943	0.9682312	0.9617909	0.9899715	0.9782128	0.9897614	0.7539062	0.9870398	0.9742055	0.9749982	0.975
453474	0.9682446	0.9617893	0.9899879	0.9782199	0.9897614	0.7539062	0.9870418	0.9742035	0.974999	0.975
454713	0.9682808	0.9617931	0.9899879	0.9782339	0.9897461	0.7539062	0.9870281	0.9742004	0.9749972	0.975
455952	0.9683266	0.9618019	0.9900137	0.9782809	0.9897461	0.7539062	0.9870147	0.9741963	0.9749992	0.975
456483	0.9683514	0.9618031	0.9899973	0.9782879	0.9897537	0.7539062	0.9870077	0.9741976	0.9749994	0.975
456837	0.9683495	0.9618095	0.9900067	0.9782926	0.9897423	0.7539062	0.9870085	0.9741939	0.9749996	0.975
457014	0.9683628	0.9618019	0.9900043	0.9782832	0.9897499	0.7539062	0.9870069	0.9741921	0.9749972	0.975
457368	0.9683704	0.9618057	0.9900043	0.978302	0.989769	0.7539062	0.9870053	0.9741874	0.9749971	0.975
458076	0.9683952	0.9618187	0.9899902	0.978309	0.9897804	0.7539062	0.9870077	0.9741836	0.9749998	0.975
458430	0.9684181	0.9618255	0.9899973	0.9783278	0.989769	0.7539062	0.9870002	0.974179	0.9749995	0.975
458784	0.9684124	0.9618332	0.9900043	0.9783208	0.989769	0.7539062	0.9869916	0.97418	0.9749995	0.975
459138	0.9684219	0.961834	0.9900208	0.9783255	0.9897766	0.7539062	0.9869893	0.9741767	0.9749991	0.975
459315	0.96842	0.9618374	0.9900208	0.9783302	0.9897804	0.7539062	0.9869857	0.9741737	0.974998	0.975
460200	0.9684353	0.9618351	0.9900278	0.9783255	0.9897728	0.7539062	0.9869939	0.9741735	0.9749998	0.975
461085	0.9684486	0.9618355	0.9900325	0.9783255	0.9897728	0.7539062	0.9869881	0.9741735	0.9749994	0.975
461439	0.9684448	0.9618484	0.9900278	0.9783114	0.9897537	0.7539062	0.986981	0.974172	0.9749988	0.975
461616	0.9684525	0.9618465	0.9900255	0.9783278	0.9897652	0.7539062	0.9869782	0.9741735	0.9749995	0.975
462678	0.9684944	0.9618523	0.9900466	0.978349	0.9897575	0.7539062	0.9869673	0.9741678	0.9749992	0.975
462855	0.9685001	0.9618492	0.9900489	0.9783419	0.9897652	0.7539062	0.9869622	0.9741706	0.9749988	0.975
463563	0.9685116	0.9618587	0.9900372	0.9783583	0.9897652	0.7539062	0.9869578	0.974167	0.9749992	0.975
463740	0.9685059	0.9618568	0.9900583	0.9783607	0.989769	0.7539062	0.9869614	0.9741655	0.9749995	0.975
464979	0.9685345	0.9618744	0.9900442	0.9783654	0.9897575	0.7539062	0.986952	0.9741602	0.9749998	0.975
466572	0.9685745	0.9618786	0.99007	0.9783912	0.9897652	0.7539062	0.9869297	0.9741596	0.9749994	0.975
468165	0.9686184	0.961895	0.9900442	0.9783748	0.9897919	0.7539062	0.986923	0.9741518	0.9749992	0.975
468519	0.9686241	0.9618919	0.9900302	0.9783795	0.9897842	0.7539062	0.9869277	0.974153	0.9749998	0.975
469227	0.9686432	0.9619015	0.9900348	0.9783865	0.9897842	0.7539062	0.986919	0.9741485	0.9749994	0.975
469404	0.9686375	0.9619129	0.9900255	0.9783771	0.9897728	0.7539062	0.9869167	0.9741479	0.975	0.975
470112	0.9686623	0.9619125	0.9900325	0.9783936	0.9897957	0.7539062	0.9869131	0.9741439	0.9749999	0.975
471528	0.9686985	0.961916	0.9900325	0.9784194	0.9898071	0.7539062	0.9869092	0.9741359	0.9749992	0.975
471882	0.9687023	0.9619137	0.9900231	0.9784076	0.9897957	0.7539062	0.9869081	0.9741389	0.9749988	0.975
472236	0.9687004	0.9619091	0.9900348	0.9784194	0.9898071	0.7539062	0.9869077	0.9741355	0.9749973	0.975
473298	0.9687099	0.9619198	0.9900724	0.9784264	0.9898262	0.7539062	0.9869057	0.9741325	0.9750004	0.975
474891	0.9687366	0.9619209	0.9900653	0.9784734	0.98983	0.7539062	0.9869053	0.9741216	0.9749986	0.975
475953	0.9687595	0.9619217	0.9900513	0.9784757	0.9898224	0.7539062	0.9869128	0.9741194	0.9749998	0.975
476130	0.9687595	0.9619312	0.9900513	0.9784734	0.9898224	0.7539062	0.9869077	0.9741186	0.9750004	0.975
476484	0.9687614	0.9619271	0.9900442	0.9784874	0.9898415	0.7539062	0.9869081	0.9741157	0.9749991	0.975
477900	0.9687862	0.9619366	0.9900583	0.978525	0.9898262	0.7539062	0.9868955	0.974112	0.9749995	0.975
478431	0.9688053	0.9619373	0.990063	0.9785016	0.9898033	0.7539062	0.986894	0.9741132	0.9749995	0.975
478962	0.9688072	0.9619468	0.9900607	0.9785203	0.9897995	0.7539062	0.9868916	0.97411	0.9750004	0.975
479316	0.9688129	0.9619423	0.9900607	0.9785274	0.9898033	0.7539062	0.9868955	0.9741059	0.974999	0.975
479847	0.968832	0.9619473	0.9900607	0.9785414	0.9898224	0.7539062	0.986885	0.9741026	0.9749982	0.975
480024	0.9688339	0.9619564	0.9900536	0.9785579	0.9898186	0.7539062	0.9868802	0.9741055	0.9750008	0.975
480378	0.9688358	0.9619602	0.9900583	0.9785274	0.9898109	0.7539062	0.9868841	0.9741018	0.9749998	0.975
480732	0.968832	0.9619526	0.9900607	0.9785274	0.9898071	0.7539062	0.9868857	0.9741037	0.9749992	0.975
481617	0.9688339	0.9619629	0.9900748	0.9785485	0.98983	0.7539062	0.9868712	0.9741006	0.9749988	0.975
481794	0.9688377	0.9619617	0.9900795	0.9785438	0.98983	0.7539062	0.9868751	0.974102	0.9750002	0.975
481971	0.9688339	0.9619507	0.9900818	0.9785509	0.9898262	0.7539062	0.9868763	0.9741004	0.9749974	0.975
482502	0.9688473	0.9619514	0.9900912	0.9785438	0.9898491	0.7539062	0.9868838	0.9740983	0.9749994	0.975
483033	0.9688587	0.9619675	0.9900935	0.9785509	0.9898148	0.7539062	0.9868759	0.9740947	0.9749998	0.975
483387	0.9688644	0.9619702	0.9900841	0.9785438	0.9897957	0.7539062	0.9868692	0.9740978	0.9749996	0.975
484449	0.968895	0.96198	0.9900912	0.9785438	0.9898033	0.7539062	0.9868728	0.9740849	0.9749988	0.975
484803	0.9688988	0.9619793	0.9901006	0.978579	0.9898224	0.7539062	0.9868649	0.9740861	0.9749996	0.975
484980	0.9689045	0.9619789	0.9900959	0.9785743	0.9898071	0.7539062	0.9868696	0.9740849	0.9749996	0.975
485334	0.9689083	0.9619808	0.9900935	0.9785884	0.9898262	0.7539062	0.9868669	0.974081	0.9749988	0.975
485865	0.9689198	0.9619949	0.9901029	0.9785743	0.9898262	0.7539062	0.9868653	0.9740779	0.9750005	0.975
486396	0.9689198	0.9619934	0.99011	0.9785884	0.9898071	0.7539062	0.9868653	0.974079	0.975001	0.975
486750	0.968935	0.961993	0.9901123	0.9785931	0.9897957	0.7539062	0.986863	0.9740759	0.9749998	0.975
487104	0.9689388	0.9619915	0.9901146	0.9786025	0.9898071	0.7539062	0.9868567	0.9740761	0.974999	0.975
487458	0.9689312	0.9619957	0.9901264	0.9786236	0.9897957	0.7539062	0.9868599	0.9740728	0.9749998	0.975
487635	0.9689312	0.9619961	0.990124	0.9786119	0.9898109	0.7539062	0.9868579	0.9740729	0.9749994	0.975
488520	0.9689426	0.9619919	0.990117	0.978633	0.9897957	0.7539062	0.9868653	0.9740724	0.9750004	0.975
489936	0.9689789	0.962006	0.9901193	0.9786471	0.9897995	0.7539062	0.9868461	0.9740659	0.974999	0.975
491706	0.9690018	0.9620167	0.990117	0.9786471	0.9898109	0.7539062	0.9868386	0.9740612	0.9749988	0.975
492060	0.9690018	0.9620197	0.990124	0.9786565	0.9898262	0.7539062	0.9868351	0.974059	0.9749988	0.975
492591	0.9690132	0.9620231	0.9901217	0.9786518	0.9898224	0.7539062	0.9868324	0.9740602	0.9749996	0.975
493122	0.9690247	0.9620301	0.9901311	0.9786659	0.9898376	0.7539062	0.9868242	0.9740543	0.9749985	0.975
493653	0.9690323	0.9620236	0.9901475	0.9786705	0.9898376	0.7539062	0.9868226	0.9740559	0.9749985	0.975
494007	0.9690456	0.9620239	0.9901475	0.9786682	0.9898224	0.7539062	0.9868234	0.9740567	0.9749992	0.975
494538	0.9690819	0.9620281	0.9901546	0.9786776	0.9898376	0.7539062	0.9868206	0.974053	0.9750005	0.975
494892	0.9690742	0.9620266	0.9901451	0.9786705	0.9898491	0.7539062	0.9868085	0.9740542	0.9749974	0.975
495069	0.9690952	0.9620312	0.9901405	0.9786776	0.9898415	0.7539062	0.9868081	0.9740543	0.9749992	0.975
495777	0.9690819	0.9620384	0.9901358	0.9786847	0.9898224	0.7539062	0.9868147	0.9740496	0.9749994	0.975
496662	0.9691048	0.9620365	0.9901616	0.9786987	0.9898415	0.7539062	0.9868108	0.9740465	0.9749996	0.975
497193	0.9691181	0.962035	0.9901569	0.9787152	0.9898491	0.7539062	0.9868085	0.9740453	0.9749994	0.975
497370	0.9691219	0.9620331	0.9901522	0.9787105	0.9898376	0.7539062	0.9868085	0.9740426	0.9749974	0.975
497901	0.9691257	0.9620449	0.9901569	0.9787105	0.9898491	0.7539062	0.9868018	0.9740399	0.974998	0.975
498432	0.9691467	0.9620491	0.9901451	0.9787198	0.9898643	0.7539062	0.986803	0.974034	0.9749978	0.975
498963	0.9691525	0.9620621	0.9901451	0.9787175	0.9898605	0.7539062	0.9867951	0.974034	0.9749991	0.975
499494	0.9691563	0.9620636	0.9901522	0.9787292	0.9898567	0.7539062	0.9867975	0.9740308	0.9749994	0.975
500202	0.9691696	0.9620632	0.9901522	0.9787081	0.9898491	0.7539062	0.9867998	0.9740318	0.9749998	0.975
501087	0.9691944	0.9620544	0.9901686	0.9787105	0.98983	0.7539062	0.9868041	0.9740283	0.9749987	0.975
501264	0.9691887	0.9620606	0.9901639	0.9787152	0.98983	0.7539062	0.9867986	0.9740281	0.9749985	0.975
501972	0.9692268	0.9620686	0.9901616	0.9786987	0.9898415	0.7539062	0.986792	0.9740238	0.9749982	0.975
502503	0.9692383	0.9620632	0.9901475	0.9787152	0.9898643	0.7539062	0.9867916	0.9740257	0.974999	0.975
503034	0.9692364	0.9620663	0.9901405	0.978694	0.9898605	0.7539062	0.9867936	0.9740269	0.9749994	0.975
503211	0.9692421	0.9620689	0.9901428	0.9787105	0.9898529	0.7539062	0.9867936	0.9740271	0.9750008	0.975
503919	0.9692497	0.9620708	0.9901569	0.9787081	0.9898567	0.7539062	0.9867904	0.9740233	0.9749998	0.975
504450	0.9692516	0.9620743	0.9901522	0.9787105	0.9898415	0.7539062	0.9867932	0.9740227	0.9750005	0.975
504627	0.9692516	0.9620735	0.9901428	0.9787105	0.9898376	0.7539062	0.9867955	0.9740212	0.9749998	0.975
504804	0.9692478	0.9620751	0.9901522	0.9787128	0.9898262	0.7539062	0.9867944	0.9740196	0.9749992	0.975
505512	0.9692516	0.9620781	0.9901546	0.9787175	0.9898491	0.7539062	0.9867928	0.9740155	0.9749987	0.975
506220	0.9692516	0.9620823	0.9901686	0.9787198	0.9898758	0.7539062	0.9867912	0.9740163	0.9750008	0.975
506397	0.9692631	0.9620743	0.9901686	0.9787245	0.9898987	0.7539062	0.986792	0.9740151	0.9749998	0.975
506574	0.9692669	0.962077	0.9901663	0.9787175	0.9898796	0.7539062	0.986792	0.9740155	0.975	0.975
506751	0.9692612	0.9620792	0.9901686	0.9787269	0.9898834	0.7539062	0.9867889	0.9740149	0.9749998	0.975
507105	0.9692879	0.9620743	0.9901733	0.9787363	0.9898872	0.7539062	0.9867877	0.9740114	0.9749988	0.975
507282	0.9692898	0.9620751	0.9901757	0.978748	0.9898682	0.7539062	0.9867885	0.9740118	0.9749994	0.975
507459	0.9692936	0.9620689	0.990171	0.9787503	0.9898529	0.7539062	0.9867849	0.9740137	0.9749979	0.975
508344	0.9693127	0.9620854	0.9901874	0.9787457	0.989872	0.7539062	0.9867834	0.9740096	0.9750011	0.975
509052	0.9693336	0.9620854	0.9901851	0.9787527	0.9898415	0.7539062	0.9867783	0.9740089	0.9750001	0.975
509229	0.9693356	0.9620873	0.9901968	0.9787316	0.9898415	0.7539062	0.9867806	0.9740067	0.9749998	0.975
509583	0.9693356	0.9620911	0.9901851	0.9787363	0.9898643	0.7539062	0.9867755	0.9740055	0.9749994	0.975
510822	0.9693432	0.9620785	0.990178	0.978741	0.9898567	0.7539062	0.9867665	0.9740128	0.9749978	0.975
510999	0.969347	0.9620819	0.9901804	0.9787387	0.9898643	0.7539062	0.9867673	0.9740116	0.9749986	0.975
511353	0.9693756	0.9620895	0.9901828	0.9787527	0.9898682	0.7539062	0.9867634	0.9740069	0.9749994	0.975
511884	0.9693699	0.9620865	0.9902086	0.9787527	0.9898529	0.7539062	0.9867661	0.9740053	0.974999	0.975
512061	0.9693699	0.962088	0.9901991	0.9787574	0.9898682	0.7539062	0.9867673	0.9740053	0.9749997	0.975
512238	0.9693623	0.9620941	0.9902015	0.9787527	0.989872	0.7539062	0.9867618	0.9740081	0.9750007	0.975
512592	0.9693642	0.9620926	0.9901991	0.9787598	0.9898491	0.7539062	0.9867571	0.9740096	0.9749998	0.975
513477	0.9693832	0.9620941	0.9902086	0.9787574	0.9898682	0.7539062	0.9867586	0.9740036	0.9749994	0.975
514539	0.9693985	0.9621102	0.9902109	0.9787527	0.9898567	0.7539062	0.9867473	0.9740008	0.9749996	0.975
514716	0.9694042	0.9621143	0.9902015	0.9787527	0.9898453	0.7539062	0.9867485	0.9739993	0.9749998	0.975
514893	0.969408	0.9621147	0.9901968	0.9787574	0.9898453	0.7539062	0.9867508	0.9740002	0.9750009	0.975
515070	0.9694099	0.9621162	0.9901921	0.9787738	0.9898529	0.7539062	0.9867508	0.9739916	0.9749982	0.975
515601	0.9694157	0.9621185	0.9901874	0.9787738	0.98983	0.7539062	0.9867465	0.9739955	0.9749991	0.975
516486	0.9694386	0.9621155	0.9901851	0.978802	0.9898376	0.7539062	0.9867457	0.9739946	0.9749999	0.975
517017	0.9694443	0.9621269	0.9901874	0.9788114	0.9898338	0.7539062	0.9867496	0.9739867	0.9750005	0.975
517194	0.9694405	0.9621242	0.9901851	0.9788138	0.98983	0.7539062	0.9867449	0.9739881	0.9749992	0.975
518256	0.9694805	0.9621361	0.9902086	0.9788231	0.9898224	0.7539062	0.9867355	0.973981	0.9749996	0.975
518964	0.9694862	0.9621334	0.9902039	0.9788161	0.9898415	0.7539062	0.9867332	0.9739826	0.9749994	0.975
519849	0.9694824	0.9621445	0.9902321	0.9788208	0.9898148	0.7539062	0.9867285	0.9739777	0.9749992	0.975
521973	0.9695034	0.9621403	0.9901991	0.9788443	0.9898643	0.7539062	0.9867363	0.9739739	0.975	0.975
522150	0.9695053	0.9621456	0.9902015	0.9788443	0.9898643	0.7539062	0.9867352	0.9739695	0.9749992	0.975
524628	0.969553	0.9621502	0.9902203	0.9788161	0.9899025	0.7539062	0.9867332	0.9739616	0.974999	0.975
525336	0.9695454	0.9621582	0.9902321	0.9788208	0.9899216	0.7539062	0.9867281	0.97396	0.9749997	0.975
525513	0.9695415	0.9621612	0.9902321	0.9788161	0.9899254	0.7539062	0.9867288	0.9739579	0.9749994	0.975
525690	0.9695549	0.9621567	0.990225	0.9788138	0.9899025	0.7539062	0.9867277	0.9739608	0.9749991	0.975
525867	0.9695473	0.9621609	0.9902321	0.9788114	0.9898949	0.7539062	0.9867273	0.9739608	0.9749996	0.975
526221	0.9695454	0.9621582	0.9902321	0.9788138	0.9898911	0.7539062	0.9867234	0.9739646	0.9749997	0.975
526752	0.9695587	0.9621601	0.9902086	0.9788302	0.9898949	0.7539062	0.9867238	0.9739596	0.9749985	0.975
526929	0.9695549	0.9621624	0.9902039	0.9788302	0.9899025	0.7539062	0.9867246	0.9739573	0.974998	0.975
527637	0.9695568	0.9621617	0.9902484	0.9788443	0.9899178	0.7539062	0.9867183	0.9739585	0.9749995	0.975
527991	0.969553	0.9621685	0.9902297	0.9788443	0.9898911	0.7539062	0.9867139	0.9739618	0.9750001	0.975
528699	0.9695568	0.9621685	0.9902226	0.9788466	0.9899101	0.7539062	0.9867203	0.9739569	0.9749998	0.975
530469	0.9695873	0.9621605	0.9902297	0.9788536	0.9899254	0.7539062	0.9867179	0.9739512	0.9749972	0.975
531000	0.9695854	0.9621761	0.990225	0.9788654	0.9899063	0.7539062	0.9867214	0.9739471	0.9749994	0.975
531177	0.969593	0.9621723	0.9902179	0.9788584	0.9899025	0.7539062	0.9867156	0.973951	0.9749988	0.975
