Training step	XE loss	Gating average	Overall sparsity	Weighted sparsity loss	Sparsity loss
708	5.033540249	5.00E+00	1.19209E-06	8.60094E-05	0.974998832
1062	4.508568287	5.000478745	3.57628E-06	0.000191777	0.974996448
1593	4.055670261	5.001136303	9.29832E-06	0.000432368	0.974990726
3186	3.215099335	5.002782822	4.15444E-05	0.001729415	0.974958479
3540	3.617102385	5.003062725	5.0962E-05	0.002133854	0.974949062
3894	3.788660288	5.003317356	6.16908E-05	0.002582446	0.974938333
4425	3.46617341	5.003657341	7.87377E-05	0.003335505	0.974921286
4956	3.338338852	5.003987312	9.57251E-05	0.004183835	0.974904299
5310	2.973067045	5.004184723	0.000106633	0.004802059	0.974893391
6903	3.544516802	5.004955292	0.000163138	0.008116079	0.974836886
7434	3.836596966	5.005187035	0.000182867	0.009412788	0.974817157
7611	2.942917585	5.005272865	0.000190318	0.009865921	0.974809706
8319	3.026486874	5.00554657	0.000217855	0.011787642	0.974782169
9204	3.127205133	5.005897999	0.000254035	0.01442724	0.974745989
9558	3.275850296	5.006017685	0.000266492	0.015558817	0.974733531
9735	3.170142412	5.006076336	0.000273585	0.016139686	0.974726439
10089	2.794494152	5.00619173	0.000287533	0.017333938	0.974712491
10266	3.386492729	5.006252289	0.000295341	0.017947303	0.974704683
10620	2.636909962	5.006346226	0.000312984	0.019206496	0.97468704
12567	3.02105546	5.006906509	0.000386	0.026889404	0.974614024
14514	2.659943819	5.007348537	0.000456214	0.035858475	0.97454381
14691	2.822833538	5.007378101	0.000463068	0.03673882	0.974536955
14868	2.724135637	5.007403851	0.000469565	0.037628461	0.974530458
15576	2.696910143	5.007517338	0.000492036	0.04129393	0.974507987
16107	2.683678389	5.007566929	0.000510454	0.044154376	0.97448957
16284	3.147065639	5.007570267	0.000516832	0.045128729	0.974483192
17523	2.67480278	5.00757885	0.000559747	0.052249819	0.974440277
18054	2.700211525	5.007587433	0.000580549	0.055459362	0.974419475
18762	2.615551233	5.007593155	0.000604808	0.059889369	0.974395216
18939	2.799461126	5.007591724	0.000611186	0.06102382	0.974388838
19116	2.558859348	5.007595539	0.000615716	0.062167671	0.974384308
20355	2.744980335	5.007530689	0.000663579	0.070475146	0.974336445
20709	2.984803677	5.007497787	0.000677109	0.072943479	0.974322915
22479	2.472073793	5.007231712	0.000743389	0.085920699	0.974256635
23010	2.638507605	5.007117748	0.000762284	0.090019874	0.97423774
23541	3.179381847	5.0070014	0.000780344	0.094214201	0.97421968
23718	2.517132044	5.006944656	0.000789106	0.095633678	0.974210918
24957	2.801052094	5.006606102	0.000833392	0.105863847	0.974166632
25311	3.382044315	5.006485462	0.000845909	0.108880661	0.974154115
28320	2.681296587	5.005125999	0.000963569	0.136227489	0.974036455
28497	2.461907864	5.005020618	0.000972927	0.137930721	0.974027097
28674	2.614236355	5.004920483	0.000978708	0.139643729	0.974021316
30267	2.769892931	5.003871441	0.001047313	0.155537844	0.973952711
30975	2.677594185	5.003379345	0.001074433	0.162875742	0.973925591
31152	2.570584059	5.003249168	0.001081586	0.16473563	0.973918438
32214	2.601359129	5.002439499	0.001128197	0.176116616	0.973871827
32745	2.915745497	5.002000332	0.00115329	0.181948006	0.973846734
32922	2.389040232	5.001857281	0.001161397	0.183913067	0.973838627
33453	2.590670824	5.001407146	0.001182079	0.189869121	0.973817945
34338	2.578689814	5.000602722	0.001217604	0.200005606	0.97378242
34515	2.501469851	5.000432014	0.001225412	0.202064484	0.973774612
35577	2.674878836	4.999365807	0.001271129	0.214634314	0.973728895
35754	2.360741377	4.999189854	0.001278937	0.216766089	0.973721087
36816	2.707252502	4.998084068	0.001330614	0.22977072	0.97366941
37347	2.558050394	4.997475147	0.001357436	0.236412719	0.973642588
38232	2.43629694	4.996441841	0.001398325	0.247692183	0.973601699
38940	2.389444351	4.995554924	0.00142926	0.256901681	0.973570764
39117	2.925101757	4.995334148	0.001435637	0.259230435	0.973564386
39648	2.37954092	4.994630814	0.001463592	0.266275644	0.973536432
39825	2.285084486	4.99438715	0.001473427	0.268645078	0.973526597
40356	2.764848232	4.993657589	0.001499236	0.275815666	0.973500788
40710	2.523060083	4.993161678	0.001516819	0.280646414	0.973483205
41772	2.624272585	4.991543293	0.001573026	0.295388371	0.973426998
41949	2.379467487	4.991259098	0.001581788	0.297881752	0.973418236
42126	2.581573725	4.990982533	0.001589179	0.30038479	0.973410845
42303	2.461920738	4.990705013	0.001597345	0.302899152	0.973402679
43011	2.319497108	4.98952961	0.001633525	0.313055992	0.973366499
43542	2.518779993	4.988623619	0.001661062	0.320781738	0.973338962
43896	2.492928267	4.988007069	0.001678586	0.325983346	0.973321438
46197	2.176970005	4.983762264	0.001801491	0.360792875	0.973198533
46551	2.880789757	4.983049393	0.001819134	0.366301566	0.97318089
46905	3.118325472	4.98231554	0.001840949	0.371850222	0.973159075
48852	2.239177227	4.978048325	0.001956284	0.403094858	0.97304374
49206	2.89904952	4.977238178	0.001974046	0.408909231	0.973025978
49383	2.509823561	4.976828575	0.001986802	0.411830366	0.973013222
49737	2.400013447	4.976007938	0.002006531	0.417705029	0.972993493
49914	2.583805084	4.975585461	0.002018154	0.4206554	0.97298187
50622	2.86873579	4.97389555	0.002064884	0.432562888	0.97293514
51153	2.284920931	4.972556114	0.002094328	0.441603154	0.972905695
51861	2.294523954	4.970731258	0.002140939	0.453794032	0.972859085
52746	3.068071365	4.96833992	0.002195179	0.469261974	0.972804844
53100	2.299489737	4.967360973	0.002216816	0.475518286	0.972783208
53277	2.580156803	4.966894627	0.002227068	0.478662848	0.972772956
53631	2.381208181	4.965951443	0.002248108	0.484981656	0.972751915
55047	2.873328686	4.961994171	0.002349555	0.510646224	0.972650468
55401	2.438191175	4.960950375	0.002372146	0.517164469	0.972627878
55578	2.496541739	4.960422516	0.00238657	0.520436883	0.972613454
55755	2.456410646	4.959889889	0.002397656	0.523720264	0.972602367
56109	2.389490843	4.958802223	0.002420425	0.530318916	0.972579598
58233	2.509266615	4.951906204	0.002573013	0.570735514	0.972427011
58587	2.700819731	4.950715065	0.002596617	0.577611923	0.972403407
58764	2.331455708	4.950110435	0.002610147	0.581063986	0.972389877
59295	2.828353882	4.948235989	0.002650797	0.591480017	0.972349226
59472	2.154361963	4.947610378	0.002663195	0.594971836	0.972336829
60003	2.38029027	4.945708275	0.002701044	0.605508983	0.97229898
60180	2.431547403	4.945061207	0.002711892	0.609041989	0.972288132
60357	2.15054822	4.944409847	0.002724409	0.612584293	0.972275615
60534	2.675251007	4.943742275	0.002740383	0.616133571	0.972259641
61065	2.335820675	4.941751003	0.002780318	0.626846194	0.972219706
61242	2.397879362	4.941073895	0.002794445	0.630436778	0.972205579
61596	2.393745661	4.939709663	0.002818763	0.637649298	0.972181261
61773	2.424810648	4.939025879	0.002830625	0.641270101	0.972169399
62127	2.630309582	4.93764782	0.00285691	0.648540974	0.972143114
63189	2.522594213	4.933354855	0.00293684	0.670586944	0.972063184
63366	2.878017664	4.932616711	0.002952337	0.67429471	0.972047687
63720	2.224296093	4.931146622	0.002979994	0.681741297	0.97202003
63897	2.574472189	4.930400372	0.00299716	0.685476542	0.972002864
64251	2.537972927	4.928895473	0.00302422	0.692981958	0.971975803
64605	2.876060009	4.927375317	0.003052175	0.700525701	0.971947849
64959	2.186567783	4.925837994	0.003081143	0.70810765	0.971918881
65136	2.216245174	4.925071239	0.00309366	0.711915016	0.971906364
65313	1.96261692	4.92428875	0.003107846	0.71573025	0.971892178
65490	2.153015375	4.923505783	0.003122449	0.719555497	0.971877575
65844	2.318759441	4.921898365	0.003150582	0.727235496	0.971849442
66552	2.499388933	4.918622017	0.003212035	0.742709398	0.971787989
67260	2.431300402	4.915266514	0.00327307	0.758338094	0.971726954
67437	2.495537519	4.914410591	0.003288567	0.762270212	0.971711457
67791	2.422399282	4.912688732	0.003319085	0.770162344	0.971680939
67968	2.242151499	4.911831379	0.003335774	0.774120986	0.97166425
68145	2.258334398	4.910967827	0.003350139	0.778091729	0.971649885
68322	2.412658215	4.910094261	0.003365636	0.782071948	0.971634388
68499	2.611499548	4.909212112	0.003381371	0.786061049	0.971618652
70446	2.383494616	4.89909029	0.003566742	0.830566227	0.971433282
70977	2.872220993	4.896260738	0.003614485	0.842908859	0.971385539
71154	2.512893438	4.895328522	0.003630459	0.847042799	0.971369565
71331	2.631963968	4.89437151	0.003645241	0.851185799	0.971354783
71685	2.402732611	4.892447948	0.003676355	0.859501243	0.971323669
72570	2.358598471	4.887516022	0.003768981	0.88044256	0.971231043
72924	1.962467551	4.885503292	0.003805637	0.88888526	0.971194386
73632	2.503334284	4.881399155	0.003875792	0.905888557	0.971124232
74163	1.880702019	4.878232002	0.00393182	0.918737829	0.971068203
75225	2.574628353	4.871707439	0.004052341	0.944683969	0.970947683
75402	2.366776466	4.870603561	0.004067779	0.949045241	0.970932245
75579	2.578244925	4.869493484	0.004084647	0.953415394	0.970915377
76110	2.463438034	4.86611414	0.004148185	0.966568708	0.970851839
76464	2.21954608	4.863808632	0.004186988	0.97538805	0.970813036
76818	2.433850288	4.861492157	0.004228294	0.98424238	0.97077173
76995	2.296577454	4.860320568	0.004247189	0.988685489	0.970752835
77703	2.236763716	4.855579376	0.004330218	1.006543279	0.970669806
78057	2.10276866	4.853164196	0.00436604	1.015534878	0.970633984
78588	2.099112272	4.849484921	0.004430115	1.029080153	0.970569909
78765	1.880419612	4.848234177	0.004452944	1.033613205	0.97054708
79119	2.362675428	4.845724106	0.004489958	1.042713642	0.970510066
79296	2.451611996	4.844461441	0.00451535	1.047272325	0.970484674
80181	2.293313503	4.838035107	0.004626334	1.070214033	0.97037369
80712	2.228332996	4.834073544	0.004697859	1.084086061	0.970302165
80889	2.790286541	4.832744598	0.00471884	1.088732004	0.970281184
81597	2.568122149	4.827339172	0.004807651	1.107399821	0.970192373
82482	2.29953146	4.820390224	0.004923463	1.130936146	0.970076561
82659	2.480578423	4.818968773	0.004945934	1.135671973	0.97005409
83544	2.340168476	4.811784267	0.005060375	1.15948534	0.969939649
83721	2.661268711	4.810325146	0.005087137	1.164271235	0.969912887
83898	2.264002562	4.808858871	0.005110681	1.169069052	0.969889343
84606	2.959508657	4.802878857	0.005205214	1.188353062	0.96979481
84783	1.828072548	4.801354408	0.00523144	1.193193674	0.969768584
85314	2.544583082	4.796753407	0.005305767	1.207774878	0.969694257
85668	2.209986925	4.793655396	0.005351007	1.217546105	0.969649017
86376	1.956030726	4.78734827	0.005453706	1.23718226	0.969546318
86553	2.900960445	4.785754681	0.005476892	1.24211669	0.969523132
87438	2.762016773	4.777593136	0.005613983	1.266898513	0.969386041
87969	2.564726591	4.772589684	0.005689085	1.281884313	0.969310939
88500	2.497894287	4.767473221	0.005772412	1.296938896	0.969227612
88677	2.642272472	4.765806198	0.005796373	1.301980138	0.969203651
89208	2.419063568	4.760746002	0.005878925	1.317143202	0.969121099
89385	2.289037466	4.75901556	0.005907238	1.322214365	0.969092786
89739	2.39096117	4.755514145	0.005966663	1.332378626	0.96903336
90270	2.272431374	4.75020647	0.006050646	1.34769845	0.968949378
90801	2.272279263	4.744812012	0.006139457	1.363093138	0.968860567
90978	2.075092316	4.742981911	0.006167054	1.368244529	0.96883297
91155	2.281333923	4.741142273	0.006198406	1.373399615	0.968801618
91686	2.301977158	4.735563755	0.0062868	1.388925314	0.968713224
91863	2.325376749	4.733690739	0.006317496	1.394115806	0.968682528
92571	2.210348368	4.726038933	0.006440997	1.41496706	0.968559027
92748	2.77202034	4.724095345	0.006471336	1.420202613	0.968528688
92925	2.377472162	4.722147942	0.006500721	1.425447345	0.968499303
93102	2.719538689	4.720188141	0.006534934	1.430694938	0.96846509
93987	2.716458559	4.710233688	0.006692886	1.457078934	0.968307137
94164	2.331171751	4.708195686	0.006726861	1.462378979	0.968273163
94695	2.760113239	4.702039242	0.00682205	1.478339195	0.968177974
95049	2.361187696	4.69786787	0.006884694	1.489023805	0.96811533
95580	2.832736015	4.691526413	0.006982028	1.50510931	0.968017995
95934	2.258341312	4.687209129	0.007052124	1.515868664	0.9679479
96288	2.730265379	4.682869911	0.00711894	1.526666403	0.967881083
97173	2.538682938	4.671774387	0.007295609	1.553795934	0.967704415
97350	2.018688679	4.669506073	0.007332265	1.559245229	0.967667758
97527	2.355063438	4.667239189	0.007365525	1.564708948	0.967634499
97704	2.259915113	4.664949417	0.007398069	1.57018137	0.967601955
97881	2.201635122	4.662657261	0.007437229	1.575652003	0.967562795
98058	2.342252731	4.660348892	0.007476151	1.581131816	0.967523873
99828	2.124785423	4.636447906	0.007854998	1.636406541	0.967145026
100359	2.368830681	4.62899971	0.00797689	1.653138161	0.967023134
101244	2.458547592	4.616280556	0.00817132	1.68120575	0.966828704
101598	2.850621462	4.611085892	0.008252442	1.692483187	0.966747582
102129	2.515142441	4.603194714	0.00837338	1.709466219	0.966626644
102306	2.234288454	4.600531578	0.008417904	1.715134859	0.966582119
102660	2.21914959	4.595142841	0.008506894	1.726499677	0.96649313
102837	2.60134697	4.592428684	0.008552969	1.73219049	0.966447055
103899	2.757502794	4.575798988	0.008810699	1.766543627	0.966189325
104253	3.08480525	4.570111275	0.00890398	1.778045297	0.966096044
104961	2.365706205	4.558506489	0.009098232	1.801133513	0.965901792
106731	1.945858717	4.528393745	0.009582162	1.85941565	0.965417862
107262	2.374985695	4.519046307	0.009728253	1.877052903	0.965271771
107616	2.305190563	4.51271534	0.009839237	1.888825893	0.965160787
108324	2.329026222	4.499787807	0.010052085	1.912480712	0.964947939
108855	2.679453135	4.489844799	0.010216773	1.930293798	0.964783251
109032	2.240447521	4.486491203	0.010272026	1.936246276	0.964727998
110271	2.08028841	4.462378025	0.010677457	1.978092909	0.964322567
111156	2.508634806	4.444438934	0.010989249	2.008166552	0.964010775
111333	2.554475307	4.44077158	0.011047006	2.01421237	0.963953018
112926	2.231286526	4.406692982	0.011619747	2.068864346	0.963380277
113988	2.370146036	4.382760525	0.012025595	2.105583668	0.962974429
114165	1.924794555	4.378667355	0.012096226	2.111721754	0.962903798
115050	2.331819057	4.357778072	0.01246202	2.142497063	0.962538004
115404	2.301342726	4.349219322	0.012605369	2.154865503	0.962394655
116112	2.472623348	4.331700325	0.012916207	2.179632902	0.962083817
116466	2.641920805	4.322731972	0.013075948	2.192049742	0.961924076
116820	1.953654647	4.313645363	0.013237	2.204491615	0.961763024
116997	2.186730385	4.309036732	0.01331979	2.210718393	0.961680233
117528	2.492213249	4.295030117	0.0135777	2.229416609	0.961422324
117705	2.15565753	4.290299892	0.013671219	2.235646009	0.961328804
118059	2.327908754	4.280702114	0.013851106	2.248141766	0.961148918
118413	2.809697628	4.270951271	0.014036417	2.260653019	0.960963607
118767	2.464059114	4.261063099	0.014233768	2.273160696	0.960766256
118944	2.819781542	4.256057739	0.014328301	2.279434919	0.960671723
120360	2.570075989	4.214533806	0.015138626	2.329742432	0.959861398
120891	2.212697029	4.198248386	0.015471935	2.348644257	0.959528089
121245	2.398607731	4.187164783	0.015695274	2.361274004	0.95930475
122130	2.520604134	4.158608913	0.016298652	2.392849445	0.958701372
122307	2.190465927	4.152758598	0.016419947	2.399181366	0.958580077
122484	2.482235909	4.146843433	0.016550422	2.405497551	0.958449602
123192	2.183688879	4.122694492	0.017074466	2.430813551	0.957925558
123369	2.192284584	4.116519928	0.017209947	2.43714571	0.957790077
124077	2.641661644	4.091286659	0.017783284	2.462455511	0.95721674
124785	2.210324049	4.065361977	0.018398941	2.487746477	0.956601083
124962	2.31424427	4.058701992	0.018560827	2.494063854	0.956439197
125316	2.425343752	4.045220375	0.018886149	2.506708384	0.956113875
126555	2.141607046	3.995879412	0.020133436	2.550843477	0.954866588
127794	2.345353127	3.94294095	0.021598637	2.594637871	0.953401387
128148	2.522849083	3.927060127	0.022055864	2.607086897	0.95294416
128325	2.259065866	3.919019461	0.022291064	2.613299847	0.95270896
128502	1.933840394	3.910875797	0.022526741	2.619514704	0.952473283
128679	2.409720182	3.902657986	0.022764921	2.625728607	0.952235103
128856	2.273540258	3.894336224	0.023014367	2.631913424	0.951985657
130095	1.867588997	3.833600521	0.02491653	2.674884558	0.950083494
130626	2.612576008	3.806060314	0.025832891	2.693066597	0.949167132
131157	2.460936308	3.777607679	0.026812792	2.711094379	0.948187232
131511	2.12877202	3.758062363	0.027504623	2.723014832	0.947495401
131865	2.299074888	3.738095284	0.028238356	2.734823227	0.946761668
132042	2.334085703	3.727920532	0.028613567	2.740707159	0.946386456
133104	2.257528067	3.664293289	0.031046212	2.775511503	0.943953812
133635	2.390405655	3.630698919	0.032388866	2.792556286	0.942611158
133989	2.235368967	3.607596159	0.033331931	2.803780794	0.941668093
134343	2.254013777	3.583921194	0.034339964	2.814809799	0.940660059
134697	2.450451612	3.559602499	0.035378814	2.825746298	0.93962121
135051	2.51976347	3.534682035	0.03646332	2.836542845	0.938536704
135936	2.27679944	3.469498634	0.03941679	2.862774134	0.935583234
136113	2.214008331	3.455902338	0.040056944	2.867863894	0.93494308
136467	2.428313255	3.428195238	0.041368484	2.877938747	0.933631539
136821	2.574051619	3.399751902	0.042703629	2.887928963	0.932296395
137706	2.611890316	3.325150251	0.046339035	2.911918402	0.928660989
138591	2.209998846	3.24505043	0.050306737	2.934750319	0.924693286
139830	2.34474206	3.122512579	0.056639969	2.963981628	0.918360054
140007	2.357514381	3.103873014	0.057618916	2.967889071	0.917381108
140538	2.457714558	3.046242952	0.060606956	2.979396105	0.914393067
141423	2.180424929	2.943572044	0.065984547	2.997090101	0.909015477
141600	2.966698647	2.921977043	0.067121625	3.000395298	0.907878399
143370	2.476836443	2.68372798	0.07937324	3.029857159	0.895626783
143547	2.297888994	2.657173872	0.080725431	3.032302856	0.894274592
144255	2.309668541	2.544908524	0.086537778	3.040557623	0.888462245
144432	2.405051231	2.51517725	0.088065088	3.042325735	0.886934936
145140	2.040538788	2.388683319	0.094715536	3.047346354	0.880284488
145494	2.250804424	2.320309401	0.098408043	3.048458815	0.87659198
146379	1.958369136	2.131429911	0.108958602	3.046196461	0.866041422
146556	2.163931131	2.090085268	0.111348093	3.044677496	0.863651931
146733	2.253033638	2.047420502	0.113869369	3.042660713	0.861130655
146910	2.198966503	2.003358126	0.116539359	3.040083408	0.858460665
147264	2.422785044	1.910639167	0.122325778	3.033228636	0.852674246
147618	2.455428839	1.811171651	0.128826499	3.023660898	0.846173525
147972	2.926858664	1.704375744	0.136314929	3.01036334	0.838685095
148149	1.927083135	1.648039222	0.140587211	3.001734734	0.834412813
149034	2.147238493	1.335080266	0.172037363	2.920941114	0.802962661
149919	2.10204339	0.975411057	0.333443642	2.359748363	0.641556382
150450	2.916970968	0.748132825	0.466663659	1.882126212	0.508336365
150627	2.893272877	0.672335923	0.493303418	1.787409306	0.481696606
151512	2.430032969	0.305829793	0.583712876	1.467882872	0.391287148
151689	2.154136658	0.23629123	0.596580863	1.422703266	0.378419161
152043	2.440085411	0.101677015	0.619204164	1.343472719	0.35579586
152397	2.431502819	-0.026718128	0.638339162	1.276739478	0.336660862
153282	2.206540346	-0.320610464	0.675462008	1.14827013	0.299538016
153459	2.082145214	-0.375003785	0.681580245	1.127234459	0.293419778
153636	2.660364866	-0.428075403	0.687327564	1.107527971	0.28767246
153990	2.398131847	-0.530198395	0.697922051	1.0713166	0.277077973
154344	2.181581736	-0.627296984	0.707418084	1.039027572	0.26758194
154698	2.343589067	-0.719844759	0.71606344	1.009748578	0.258936584
155229	2.692250252	-0.850856781	0.727697253	0.97054112	0.247302771
155406	2.294234276	-0.892600596	0.731278062	0.958515048	0.243721962
156468	3.122385979	-1.124833703	0.750235558	0.895204544	0.224764466
156645	2.230029821	-1.16092658	0.753034651	0.885912359	0.221965373
156999	2.097931147	-1.230929136	0.758405924	0.868100882	0.2165941
157353	2.382335663	-1.298258066	0.763422847	0.851541758	0.211577177
157707	2.176645041	-1.363288283	0.768192828	0.835817218	0.206807196
159300	2.290697575	-1.629616141	0.786775649	0.775001884	0.188224375
159654	2.28164053	-1.68357408	0.790377557	0.76329869	0.184622467
159831	2.260000706	-1.709919333	0.792103291	0.757714927	0.182896733
160185	2.233613253	-1.761499643	0.795483887	0.746757388	0.179516137
161778	2.401653767	-1.976090312	0.80899024	0.703308821	0.166009784
161955	2.718087912	-1.998364925	0.810348034	0.698964953	0.16465199
162486	2.288590193	-2.063725471	0.814260602	0.686487675	0.160739422
163194	2.228270292	-2.147164345	0.81916374	0.670901835	0.155836284
163548	2.146328926	-2.187350988	0.8214854	0.663549781	0.153514624
164610	2.433536053	-2.302657366	0.828005791	0.642980993	0.146994233
164787	2.32653451	-2.321215868	0.829036236	0.639736831	0.145963788
164964	2.116381168	-2.3395257	0.830038071	0.636601567	0.144961953
165141	2.286644459	-2.357628584	0.831033945	0.633476257	0.143966079
165495	2.175031185	-2.393353462	0.832989931	0.627333879	0.142010093
165849	2.662363052	-2.428317308	0.834896326	0.621347129	0.140103698
166557	2.816106319	-2.496320009	0.838524461	0.610010028	0.136475563
166911	2.301947117	-2.52937746	0.84027034	0.604557693	0.134729683
167442	2.315402031	-2.577844858	0.842841744	0.596484721	0.132158279
167796	2.427504539	-2.609364033	0.844468415	0.591428697	0.130531609
169212	2.39892602	-2.730150461	0.85059309	0.572422028	0.124406934
170451	2.767736673	-2.829560995	0.855512559	0.55717206	0.119487464
170982	2.965714455	-2.870517254	0.857499599	0.551029325	0.117500424
171336	2.451724052	-2.897290945	0.858784676	0.547065318	0.116215348
171867	2.197162151	-2.936594725	0.860661268	0.541280448	0.114338756
172575	2.872013569	-2.987858534	0.863078475	0.533825517	0.111921549
172929	2.463269711	-3.012948275	0.864249945	0.530215204	0.110750079
173106	1.926281929	-3.025344849	0.864829302	0.528425753	0.110170722
173460	2.936163664	-3.049880981	0.865985096	0.524831772	0.109014928
173991	2.260159969	-3.086090326	0.867667913	0.519614279	0.10733211
174168	2.469789982	-3.098021984	0.868202746	0.51798296	0.106797278
175407	2.781250715	-3.179113865	0.871863782	0.506717086	0.103136241
175584	2.256558418	-3.190397024	0.87235117	0.505247831	0.102648854
176292	2.481838226	-3.234806299	0.874291301	0.499334604	0.100708723
177708	2.404939651	-3.32035017	0.877997458	0.487989545	0.097002566
177885	2.327517271	-3.330761909	0.878435075	0.486665338	0.096564949
178062	2.543590307	-3.341034889	0.878857791	0.485408813	0.096142232
178239	2.217010975	-3.351244926	0.87927866	0.484154552	0.095721364
178593	2.470364571	-3.371558905	0.880114973	0.4816522	0.094885051
179124	2.214528084	-3.401598454	0.881353199	0.477928042	0.093646824
179301	2.112309933	-3.411494732	0.881754398	0.476731628	0.093245625
181071	2.576991558	-3.507384062	0.885606408	0.465223521	0.089393616
181602	2.374970436	-3.535181522	0.886711955	0.461904466	0.088288069
181779	2.406462431	-3.544362307	0.887085319	0.460760057	0.087914705
182841	2.17398262	-3.598409891	0.889181376	0.454522192	0.085818648
183018	2.510219812	-3.60721302	0.889514923	0.453545272	0.085485101
183549	2.592676163	-3.633558273	0.890532792	0.450488567	0.084467232
183726	2.468564749	-3.642277479	0.89088273	0.449401081	0.084117293
184257	1.9971205	-3.668045998	0.891847908	0.446556747	0.083152115
184434	2.521256924	-3.676539183	0.892171144	0.445589453	0.082828879
184788	2.335686445	-3.693466902	0.892804801	0.443707198	0.082195222
185142	2.540541172	-3.710229635	0.893454134	0.441718131	0.081545889
185319	2.334974051	-3.718545198	0.893759549	0.440819651	0.081240475
186558	2.413375139	-3.775872231	0.895884514	0.434453011	0.07911551
186735	2.048396111	-3.783930779	0.896189272	0.433515966	0.078810751
186912	2.284908056	-3.791907787	0.896494865	0.432568938	0.078505158
187089	2.687958241	-3.799861193	0.896769226	0.431788892	0.078230798
187443	2.341262341	-3.815628767	0.897348344	0.43004638	0.07765168
187797	2.230675697	-3.83134079	0.897931516	0.428261101	0.077068508
188151	2.743261576	-3.846932173	0.898510933	0.426476389	0.076489091
188328	2.122826815	-3.854658365	0.898773432	0.425728351	0.076226592
188505	2.830685616	-3.862413883	0.899059355	0.424844742	0.075940669
188682	2.876801968	-3.870125532	0.899350107	0.423929095	0.075649917
189744	2.341136217	-3.915455818	0.900959909	0.419090331	0.074040115
189921	2.242599726	-3.922888756	0.901216388	0.418334514	0.073783636
190098	2.093477726	-3.93027854	0.901477814	0.417546004	0.07352221
190452	2.520497799	-3.945004225	0.902003884	0.415936887	0.07299614
192222	2.304111958	-4.017063141	0.904526889	0.408235192	0.070473135
192576	2.243935823	-4.031171322	0.905011833	0.406755596	0.069988191
192753	2.491657257	-4.038168907	0.905251861	0.406023622	0.069748163
193107	2.173037529	-4.052160263	0.905740738	0.404495448	0.069259286
194169	2.61998558	-4.093319416	0.907134354	0.400237173	0.06786567
194700	2.311560392	-4.113548756	0.907813311	0.398158133	0.067186713
195408	2.393692255	-4.140209198	0.908724248	0.395296007	0.066275775
195939	2.785450697	-4.159870148	0.909373879	0.393307745	0.065626144
196470	2.382772207	-4.179306984	0.910012782	0.391349465	0.064987242
197355	2.474642754	-4.211153984	0.911040366	0.388235509	0.063959658
197532	2.26585722	-4.217432976	0.91123867	0.387645483	0.063761353
197709	2.821305037	-4.223714352	0.91142571	0.387120575	0.063574314
198240	2.35675168	-4.242542267	0.912026584	0.385282665	0.06297344
198594	2.406500578	-4.254936695	0.912424684	0.384054661	0.06257534
200010	2.396519423	-4.303728104	0.913934708	0.379510999	0.061065316
200364	2.759127855	-4.315670013	0.914292455	0.378464282	0.060707569
200718	2.311053038	-4.327664852	0.914670229	0.377279431	0.060329795
202134	2.348465204	-4.374600887	0.916086674	0.373002589	0.05891335
202488	2.744753122	-4.386176586	0.916439652	0.371908426	0.058560371
203019	2.22367382	-4.403389454	0.916961133	0.370294154	0.05803889
203373	1.985464692	-4.414719105	0.917298853	0.369265735	0.05770117
203904	2.73085022	-4.431683064	0.917801917	0.367722809	0.057198107
204081	2.32667923	-4.437311172	0.9179883	0.367082	0.057011724
204435	2.817929745	-4.448529243	0.918319404	0.366059124	0.05668062
204612	2.38258791	-4.45409441	0.9184829	0.365556419	0.056517124
204789	2.169015646	-4.459653378	0.918650568	0.365023822	0.056349456
205497	2.348917246	-4.481721878	0.919294	0.36304003	0.055706024
206205	2.590647459	-4.503525257	0.91993773	0.361007124	0.055062294
206913	2.587441444	-4.525074959	0.920573115	0.358982116	0.054426908
207090	2.261922121	-4.530451775	0.920733213	0.358460248	0.05426681
207444	2.108506203	-4.541141987	0.921036541	0.357519478	0.053963482
208152	2.453485966	-4.562273502	0.921645463	0.35558933	0.053354561
208329	2.55712533	-4.567514896	0.921791136	0.355143517	0.053208888
209214	2.551081419	-4.593641758	0.922548473	0.352679461	0.052451551
209568	2.089574099	-4.603991985	0.922846079	0.3517102	0.052153945
209745	2.231966257	-4.609163284	0.922990322	0.351252198	0.052009702
211515	2.177926302	-4.659923553	0.924429834	0.346545041	0.05057019
211869	2.361742735	-4.669958591	0.924718618	0.345565379	0.050281405
212577	2.135760546	-4.689846516	0.92527473	0.343721986	0.049725294
212754	2.771512032	-4.694797993	0.925424218	0.343182266	0.049575806
212931	2.361048222	-4.699714184	0.9255656	0.342695862	0.049434423
213285	2.122934341	-4.709525108	0.925851941	0.341690302	0.049148083
213462	2.282512188	-4.714375496	0.925978303	0.341300577	0.049021721
214170	2.553754091	-4.733839512	0.92651099	0.339527071	0.048489034
214347	2.618080616	-4.738632202	0.926643491	0.339082181	0.048356533
215232	2.424440145	-4.762518883	0.927298307	0.336874545	0.047701716
216294	2.35449791	-4.790572166	0.928018987	0.334607631	0.046981037
216825	2.160186291	-4.804459095	0.928380311	0.333436608	0.046619713
217179	2.849733829	-4.813687325	0.928613901	0.332697004	0.046386123
218418	2.537792206	-4.845774651	0.929450929	0.329897672	0.045549095
219126	2.765788317	-4.863729477	0.929916859	0.328338265	0.045083165
219480	2.276187181	-4.872704983	0.930144727	0.327582538	0.044855297
219834	2.185385704	-4.88158083	0.93037349	0.326811552	0.044626534
220011	2.576310873	-4.886050224	0.9304865	0.326432943	0.044513524
220188	2.504441023	-4.890516758	0.930605054	0.326011389	0.04439497
220896	2.438777447	-4.908136368	0.93105495	0.324482143	0.043945074
221250	2.441307783	-4.916847229	0.931262255	0.323835313	0.043737769
221427	2.591841221	-4.921205521	0.931375086	0.32344085	0.043624938
222135	2.102438927	-4.938557148	0.931811452	0.321953028	0.043188572
222312	1.856797576	-4.942871094	0.931923151	0.32155636	0.043076873
222666	3.053501368	-4.951502323	0.932134926	0.320843667	0.042865098
222843	2.505220652	-4.955755234	0.932238817	0.320499271	0.042761207
223374	2.311697006	-4.968585968	0.932561457	0.319371521	0.042438567
223551	2.776709318	-4.97282362	0.932666123	0.319013178	0.042333901
224259	2.840245485	-4.989781857	0.933083475	0.317569703	0.041916549
224790	2.633247375	-5.00238657	0.933406532	0.31638965	0.041593492
225321	2.329222918	-5.014893055	0.933711529	0.315328717	0.041288495
225852	2.447617292	-5.02734375	0.934010029	0.314299941	0.040989995
226029	2.068055391	-5.031533718	0.934127212	0.313817441	0.040872812
226560	2.629720211	-5.043937683	0.934415579	0.312843293	0.040584445
226737	2.146946907	-5.048046112	0.934521675	0.312437803	0.040478349
226914	2.019609213	-5.052115917	0.934623003	0.312067211	0.040377021
227976	2.22503233	-5.07657814	0.935232401	0.309790879	0.039767623
229569	2.14188242	-5.112776279	0.936123729	0.306422442	0.038876295
230631	2.285443544	-5.136547089	0.936703324	0.304205865	0.0382967
231516	2.387957335	-5.156107903	0.937185824	0.302310735	0.0378142
231870	2.544617653	-5.163892746	0.937377274	0.301551759	0.03762275
232047	2.550328732	-5.16774559	0.937464654	0.301236421	0.037535369
232578	2.841304064	-5.179210186	0.937730789	0.300248057	0.037269235
232755	2.280956268	-5.183039188	0.937821805	0.299896538	0.037178218
233109	2.418451309	-5.190670967	0.937993407	0.299272448	0.037006617
233286	2.281648159	-5.194475174	0.938071907	0.299017012	0.036928117
233994	2.763764858	-5.209600925	0.938426256	0.29765141	0.036573768
234171	2.56398201	-5.213375568	0.938509047	0.29735291	0.036490977
234702	2.522648573	-5.224599361	0.938760221	0.296424627	0.036239803
235056	2.523048639	-5.232059002	0.938932419	0.295758665	0.036067605
235233	2.435547829	-5.235764027	0.93901664	0.295438439	0.035983384
235764	2.417487621	-5.246885777	0.939258873	0.294553936	0.03574115
235941	2.542867184	-5.250611305	0.939350426	0.294166744	0.035649598
236472	2.535949945	-5.261707783	0.939597607	0.293221861	0.035402417
236649	2.126078844	-5.265395164	0.939675748	0.292938828	0.035324275
237180	2.49403286	-5.276364803	0.939926028	0.291948706	0.035073996
237711	2.618864059	-5.287290096	0.940159678	0.291082501	0.034840345
238065	2.457880497	-5.294514179	0.940325022	0.290417075	0.034675002
238950	2.186831474	-5.312573433	0.940723598	0.288849413	0.034276426
239304	2.059804916	-5.319711208	0.940882862	0.288212597	0.034117162
239658	2.349406958	-5.326888084	0.941047609	0.287523001	0.033952415
240720	3.016444921	-5.348043919	0.941508591	0.285698503	0.033491433
241605	2.406679392	-5.365494728	0.941878438	0.284258515	0.033121586
242667	2.289074183	-5.386341095	0.942329526	0.282418877	0.032670498
243198	3.050742865	-5.39673233	0.942558527	0.281448573	0.032441497
243552	2.259386778	-5.403637886	0.942718208	0.280733109	0.032281816
243729	2.32279706	-5.407115459	0.942794919	0.280400217	0.032205105
245145	2.292022228	-5.434357166	0.943380594	0.277927399	0.03161943
246207	2.413120508	-5.454596519	0.94381398	0.276062638	0.031186044
246561	2.224152565	-5.461288929	0.943953931	0.275469422	0.031046093
248154	2.656160116	-5.491324425	0.944624305	0.27236557	0.030375719
248331	2.41381526	-5.494634628	0.944698513	0.272015631	0.030301511
248685	2.453975439	-5.501232624	0.944841146	0.271363229	0.030158877
249393	2.790300131	-5.514293671	0.945128918	0.270018369	0.029871106
250101	2.322750092	-5.527296543	0.945404351	0.268762052	0.029595673
250278	2.328909159	-5.530528545	0.945469856	0.268474966	0.029530168
250455	2.328620195	-5.533784866	0.945542276	0.268123597	0.029457748
250809	2.439691067	-5.540252686	0.945675611	0.267521292	0.029324412
250986	2.711890697	-5.543498516	0.945750237	0.267145455	0.029249787
251340	2.341114759	-5.549891472	0.945883751	0.266533256	0.029116273
251871	2.644402266	-5.55939436	0.946071208	0.265722364	0.028928816
252048	3.175563335	-5.562570572	0.946133494	0.265451401	0.028866529
252402	2.26925683	-5.568908215	0.946265161	0.264840156	0.028734863
253110	2.392610312	-5.581508636	0.946524322	0.263640136	0.028475702
253995	2.47589159	-5.597222805	0.94684726	0.262119651	0.028152764
254172	2.773532391	-5.600303173	0.946909726	0.261831373	0.028090298
254880	2.23143816	-5.612774849	0.947169006	0.260577112	0.027831018
255588	2.298160791	-5.625011921	0.947396159	0.259603649	0.027603865
255765	2.445412636	-5.628078938	0.947449923	0.259385914	0.027550101
256119	2.035450935	-5.634235859	0.947569549	0.258832812	0.027430475
256296	2.146817207	-5.637293816	0.947629154	0.258556366	0.02737087
258243	2.363721371	-5.670715809	0.948297024	0.255317658	0.026703
258597	2.391067028	-5.676736355	0.948417902	0.254717767	0.026582122
258951	2.295334816	-5.682768345	0.948544919	0.25405398	0.026455104
259305	2.670145273	-5.688736439	0.948664904	0.253452539	0.02633512
259836	2.279711962	-5.697678566	0.948837876	0.252608716	0.026162148
260367	2.510780334	-5.70660162	0.949004233	0.25181815	0.025995791
260544	2.253959894	-5.709567547	0.94907105	0.251442164	0.025928974
260721	2.163330317	-5.712525368	0.949125648	0.251183361	0.025874376
261783	2.548717976	-5.730147839	0.949463248	0.249508992	0.025536776
261960	2.75343132	-5.733052731	0.949520051	0.24922058	0.025479972
262137	2.548746824	-5.735955238	0.949574232	0.248956695	0.025425792
263199	2.384433031	-5.753447533	0.949918509	0.247160435	0.025081515
263907	2.642808676	-5.765049934	0.950138807	0.246030197	0.024861217
264261	2.168331146	-5.770837784	0.950253069	0.245417386	0.024746954
265323	2.480973721	-5.788132191	0.950593829	0.243570596	0.024406195
265677	2.186616421	-5.793828964	0.950703979	0.242979869	0.024296045
266385	2.239759922	-5.805147648	0.950930476	0.241722271	0.024069548
266916	2.517195225	-5.813670635	0.951100588	0.240764275	0.023899436
267624	2.45959878	-5.824912548	0.951321721	0.239527747	0.023678303
268686	2.995089531	-5.841653824	0.951643705	0.23773706	0.023356318
269217	2.536353111	-5.849964142	0.951794922	0.236926273	0.023205101
269571	2.411754131	-5.855465889	0.951894164	0.236396506	0.02310586
270633	2.667206287	-5.871925354	0.952197075	0.234728828	0.022802949
270987	2.202491999	-5.877364159	0.952292085	0.234225914	0.022707939
271164	2.585563183	-5.880050659	0.952341557	0.233952627	0.022658467
271341	2.346353769	-5.882750034	0.952392578	0.233662292	0.022607446
272226	2.404370785	-5.896241188	0.952625811	0.232421711	0.022374213
272934	2.058511257	-5.906972885	0.952821434	0.231317282	0.02217859
273288	2.951937675	-5.912341118	0.952920973	0.230740786	0.022079051
273465	2.328301191	-5.915008068	0.952959955	0.230563819	0.022040069
273642	2.528801203	-5.917669773	0.953000188	0.230372921	0.021999836
273996	2.276670456	-5.922977924	0.953101158	0.229773462	0.021898866
274350	2.14844346	-5.928292274	0.953201175	0.229179725	0.021798849
274527	2.155907154	-5.930962086	0.953242123	0.228976622	0.021757901
275235	2.520362139	-5.941579342	0.953438163	0.227814764	0.021561861
275943	2.431491137	-5.952097416	0.953622878	0.226756483	0.021377146
276474	2.122696161	-5.959985256	0.953762293	0.225943193	0.021237731
276651	2.841799974	-5.962600708	0.953810155	0.225655273	0.021189868
278067	2.771831274	-5.983334541	0.954179823	0.223457605	0.0208202
278775	2.385538101	-5.993665218	0.954372466	0.222251087	0.020627558
278952	2.349687338	-5.996210575	0.954410613	0.222054899	0.020589411
279306	2.234766483	-6.001369476	0.95450151	0.221502304	0.020498514
279483	2.084795713	-6.003977299	0.954547942	0.221213892	0.020452082
280014	2.684620142	-6.011618137	0.95469141	0.22029753	0.020308614
280545	2.371612072	-6.019276142	0.954831779	0.219405726	0.020168245
280722	2.041376829	-6.021817684	0.954875886	0.219135687	0.020124137
280899	2.408189058	-6.024359226	0.954920232	0.218862101	0.020079792
282492	2.186252832	-6.047231674	0.955327809	0.216264278	0.019672215
282846	2.406576395	-6.052251339	0.955416858	0.215693146	0.019583166
283200	2.412174463	-6.057288647	0.955511689	0.215054408	0.019488335
283554	2.204581976	-6.062287807	0.955602586	0.214455172	0.019397438
283731	2.760648012	-6.064819813	0.955652058	0.214109555	0.019347966
284085	2.226579189	-6.069806099	0.9557423	0.213511661	0.019257724
284793	2.227996111	-6.079792023	0.955926061	0.212267876	0.019073963
285855	2.195684671	-6.094549179	0.956182241	0.210590556	0.018817782
286032	2.394064426	-6.096985817	0.956228495	0.210267976	0.018771529
286209	2.348777294	-6.099458694	0.956270039	0.209997192	0.018729985
286386	2.337711334	-6.101860523	0.956310809	0.209734201	0.018689215
286740	2.141732216	-6.106750011	0.95638907	0.209242567	0.018610954
286917	2.131532907	-6.109185696	0.956429958	0.208975658	0.018570065
287094	2.397585392	-6.111597538	0.956466317	0.20875892	0.018533707
287271	2.135028601	-6.113993645	0.956508279	0.208478227	0.018491745
287448	2.180887699	-6.116411209	0.956543565	0.20827198	0.018456459
287802	2.050586939	-6.121310711	0.956627011	0.207711682	0.018373013
287979	3.078728437	-6.12372303	0.95666635	0.20745714	0.018333673
288333	2.26213932	-6.12852478	0.956742883	0.206969932	0.018257141
288864	2.643122435	-6.135757446	0.956857383	0.206236303	0.018142641
289041	2.352747202	-6.138157368	0.956902385	0.205912352	0.018097639
289395	2.610617638	-6.142949581	0.956983924	0.205358028	0.0180161
290103	2.364172935	-6.152466774	0.957141757	0.204298988	0.017858267
290634	2.463443041	-6.159558296	0.957256138	0.203541622	0.017743886
290811	2.262066364	-6.161951065	0.957298219	0.203242168	0.017701805
290988	2.414806366	-6.164290905	0.957334638	0.203006834	0.017665386
291342	2.62368679	-6.168989658	0.957409382	0.202511907	0.017590642
291696	2.395986557	-6.173697948	0.957488716	0.201960847	0.017511308
291873	2.40898037	-6.176048756	0.957526147	0.201709822	0.017473876
292581	2.239676714	-6.185370445	0.957676709	0.200688094	0.017323315
293289	2.576882839	-6.194724083	0.95783335	0.199582756	0.017166674
293466	2.882900476	-6.197063446	0.957868338	0.19935286	0.017131686
294351	2.685878754	-6.208716869	0.958061099	0.197983831	0.016938925
294528	2.322363853	-6.211007118	0.958096445	0.19774507	0.016903579
295944	2.06146121	-6.229474545	0.95840162	0.195543498	0.016598403
296121	2.432317257	-6.231771946	0.958440363	0.195257589	0.01655966
296652	2.178151369	-6.238688946	0.95855248	0.194443539	0.016447544
296829	2.513216257	-6.240999222	0.958592951	0.194133878	0.016407073
297360	2.497380018	-6.247829437	0.958705366	0.193306521	0.016294658
298245	2.256695032	-6.259087086	0.9588871	0.191978544	0.016112924
298599	3.098238468	-6.263582706	0.958965302	0.191376165	0.016034722
298953	2.304122686	-6.268064499	0.959027588	0.190960675	0.015972435
299130	2.642500639	-6.270313263	0.959070444	0.190611809	0.01592958
299838	2.02001071	-6.279350758	0.959218025	0.189493358	0.015781999
301077	2.455337048	-6.295043468	0.959478557	0.187478304	0.015521467
302316	2.575323343	-6.310688496	0.959751725	0.185270607	0.015248299
304263	2.406550646	-6.334870815	0.960140944	0.182209939	0.01485908
304440	2.485745192	-6.337057114	0.960177958	0.181907132	0.014822066
304617	2.540043831	-6.339282036	0.96021843	0.181561053	0.014781594
304971	2.424842834	-6.343623161	0.960287273	0.181015208	0.014712751
307272	2.331962585	-6.37151289	0.960721135	0.177564621	0.014278889
307803	2.925922632	-6.377842903	0.96081239	0.176861718	0.014187634
307980	2.313040972	-6.379971504	0.960849762	0.176539317	0.014150262
308157	2.327801704	-6.382107258	0.9608742	0.176377624	0.014125824
308334	2.294200659	-6.384242535	0.960909784	0.176076144	0.01409024
308511	2.36716485	-6.386350632	0.96094352	0.175797001	0.014056504
308688	2.45919013	-6.388482571	0.960978329	0.175503701	0.014021695
308865	2.309563398	-6.390565395	0.961007357	0.175282091	0.013992667
309396	2.739615202	-6.396924496	0.961105466	0.174475014	0.013894558
309750	2.043385744	-6.401134014	0.961168766	0.173959926	0.013831258
309927	3.184397459	-6.403242588	0.961202204	0.17367886	0.01379782
311166	2.490453959	-6.417900085	0.961419165	0.171907991	0.013580859
311874	2.525804996	-6.426265717	0.961548626	0.170811787	0.013451397
312051	2.713532925	-6.428378582	0.96158421	0.170495093	0.013415813
312228	2.317928791	-6.430485249	0.961617708	0.170204177	0.013382316
312582	2.402870655	-6.434656143	0.961683869	0.16963087	0.013316154
312936	2.346157074	-6.43878746	0.961742222	0.169154331	0.013257802
313113	2.486509323	-6.440843582	0.961773038	0.168894187	0.013226986
313821	2.538727522	-6.449080944	0.961894393	0.167871505	0.013105631
313998	2.77713275	-6.451133728	0.961925149	0.167608842	0.013074875
314175	2.804472208	-6.453192711	0.961954892	0.167358518	0.013045132
314352	2.339520216	-6.455232143	0.961981475	0.167148143	0.013018548
314883	2.531098366	-6.461343288	0.962070227	0.166397691	0.012929797
315237	2.959667206	-6.465372562	0.962127805	0.165914744	0.012872219
315591	2.41600275	-6.469453812	0.962191343	0.165352359	0.012808681
315768	2.959676981	-6.471494198	0.962228537	0.165000066	0.012771487
316122	2.082544565	-6.475535393	0.962287307	0.164495215	0.012712717
316476	2.435035229	-6.479581356	0.962352574	0.163903639	0.01264745
316653	2.100348949	-6.481595039	0.96238029	0.163670599	0.012619734
317007	2.603917599	-6.485673904	0.962440133	0.163145408	0.012559891
317361	2.580172062	-6.489707947	0.962501049	0.162603736	0.012498975
317892	2.43709898	-6.495794773	0.962596893	0.161728039	0.012403131
318600	2.2289958	-6.503791332	0.962718427	0.160632819	0.012281597
318954	2.660988092	-6.507850647	0.962778032	0.160096541	0.012221992
319308	2.295263052	-6.511882782	0.962846696	0.159438878	0.012153327
320370	2.518863916	-6.523834229	0.963035464	0.15767552	0.01196456
320724	2.823064566	-6.527842999	0.963097572	0.157093138	0.011902452
321255	2.165725231	-6.53379488	0.963185489	0.156284034	0.011814535
321609	2.55167532	-6.537773132	0.96324122	0.15577969	0.011758804
321786	2.467098713	-6.539764881	0.963273227	0.155471727	0.011726797
322317	3.125873089	-6.545693398	0.963360846	0.154655397	0.011639178
322671	2.126680613	-6.549608707	0.963418424	0.154119194	0.0115816
322848	2.288821936	-6.551573277	0.963441432	0.153927162	0.011558592
323025	2.75428772	-6.553525448	0.963470995	0.153647244	0.011529028
323379	2.122955561	-6.557433605	0.963523746	0.15317069	0.011476278
325326	2.414239407	-6.578505039	0.963815153	0.150492221	0.011184871
326742	2.451481819	-6.593792915	0.964036882	0.14836891	0.010963142
327096	2.495096445	-6.597548962	0.964089513	0.147870168	0.010910511
327627	3.127338409	-6.60324955	0.964169264	0.14710699	0.01083076
327981	2.229383945	-6.607063293	0.964220881	0.146616444	0.010779142
329397	2.340586424	-6.622086525	0.964425325	0.14466022	0.010574698
330282	2.374988794	-6.631422997	0.964547634	0.143495098	0.01045239
330459	3.049466133	-6.633264065	0.964568615	0.143308371	0.010431409
330990	2.306054592	-6.638878822	0.964642584	0.142593578	0.01035744
331344	2.369009018	-6.642603874	0.964692473	0.142106503	0.01030755
332052	2.523942232	-6.65004158	0.964798331	0.141041994	0.010201693
332229	2.336539268	-6.651914597	0.964823842	0.140787676	0.010176182
333468	2.30924511	-6.664895535	0.964996397	0.139076158	0.010003626
333822	2.580471992	-6.668533802	0.965048432	0.13854444	0.009951591
334176	2.385907888	-6.672203541	0.965096533	0.138065383	0.009903491
334530	2.342749119	-6.675845623	0.965142906	0.137608439	0.009857118
334707	2.766547441	-6.677670479	0.965169311	0.137334257	0.009830713
334884	2.516122103	-6.679521084	0.965199292	0.137009546	0.009800732
335592	2.84189105	-6.686814785	0.965303898	0.135919243	0.009696126
336477	2.29826355	-6.69586134	0.965428472	0.134631097	0.009571552
336654	2.386102915	-6.697687626	0.965458989	0.13429305	0.009541035
337008	2.547508955	-6.701396942	0.965514898	0.133687332	0.009485126
337362	2.705294132	-6.705060482	0.965575337	0.133015379	0.009424686
337893	2.375265121	-6.710483551	0.965656698	0.132134289	0.009343326
338247	2.463333607	-6.714094162	0.965705872	0.131615847	0.009294152
338424	2.929831266	-6.715867996	0.965734065	0.131304771	0.009265959
338955	2.908863068	-6.721236229	0.965807557	0.130525455	0.009192467
339486	2.083518744	-6.726582527	0.965877712	0.129789054	0.009122312
340017	2.480945349	-6.731912136	0.965948164	0.129044041	0.009051859
340194	2.56633544	-6.733710289	0.965976477	0.128725857	0.009023547
340902	2.53478241	-6.740769863	0.966067672	0.12776278	0.008932352
341433	2.17351675	-6.746046066	0.966132462	0.127087191	0.008867562
342318	2.280811787	-6.754881382	0.966255188	0.125740245	0.008744836
343026	2.434623957	-6.761855125	0.966345429	0.124768056	0.008654594
343734	2.610049248	-6.768827438	0.966436625	0.12377464	0.008563399
343911	2.293446541	-6.770563602	0.966456294	0.123570375	0.00854373
344088	2.366556644	-6.772305012	0.966480851	0.123294957	0.008519173
344265	2.475039721	-6.774065495	0.96650511	0.123023368	0.008494914
345327	2.457309961	-6.784483433	0.966643631	0.121485628	0.008356392
346212	2.286681175	-6.793060303	0.966747999	0.120352596	0.008252025
347451	2.77900815	-6.804965019	0.966901004	0.118647367	0.00809902
347805	2.475181341	-6.808385372	0.966943026	0.118181013	0.008056998
349044	2.918830872	-6.820081234	0.967089176	0.116548784	0.007910848
350637	2.538304567	-6.835167885	0.967284977	0.114302598	0.007715046
350991	2.273148775	-6.83851099	0.967325389	0.113844573	0.007674634
351699	2.531219006	-6.845170021	0.967405975	0.112927161	0.007594049
352053	2.464474201	-6.848510742	0.967447042	0.112454467	0.007552981
352938	2.195951939	-6.856833458	0.967556	0.111171529	0.007444024
353115	2.272530794	-6.85849905	0.967580199	0.110877641	0.007419825
355593	2.339986563	-6.88188076	0.967900634	0.106989644	0.00709939
355947	2.726007938	-6.885219574	0.96795249	0.10633523	0.007047534
357009	2.316552162	-6.895105362	0.968077004	0.104830064	0.00692302
357186	2.458122969	-6.896727562	0.968096912	0.104590558	0.006903112
357363	2.454054594	-6.898365498	0.968118668	0.104322642	0.006881356
358602	2.425657749	-6.909649372	0.968249559	0.102760963	0.006750464
360195	2.565831661	-6.923977375	0.968430221	0.100536965	0.006569803
361257	2.620438337	-6.933439255	0.968541384	0.099179029	0.00645864
361434	2.347788334	-6.934986591	0.968562543	0.098910965	0.00643748
362850	2.234487772	-6.947587967	0.968713284	0.097037874	0.00628674
363204	2.164948702	-6.950704575	0.96874547	0.096650876	0.006254554
363735	2.516678095	-6.955360889	0.968800783	0.095959119	0.006199241
363912	2.42738843	-6.95691824	0.96882087	0.095702283	0.006179154
364266	2.511608839	-6.960049152	0.968860149	0.095201276	0.006139874
365151	2.547106743	-6.967854023	0.968948662	0.094092742	0.006051362
366036	2.378237009	-6.97564888	0.96904403	0.092868686	0.005955994
366744	2.146486998	-6.981877327	0.969120562	0.0918791	0.005879462
367275	2.306088209	-6.986484528	0.969174922	0.091180645	0.005825102
367629	2.46182394	-6.989633083	0.969215512	0.090645075	0.005784512
368160	2.785300732	-6.994252682	0.969267309	0.089981511	0.005732715
368691	3.060590267	-6.998847961	0.969319522	0.089308389	0.005680501
369399	2.222689867	-7.005006313	0.969399631	0.088240914	0.005600393
370107	2.411973476	-7.011115551	0.969465017	0.087399863	0.005535007
370461	2.129714251	-7.014189243	0.969502509	0.08690162	0.005497515
370638	2.506798267	-7.015756607	0.969522715	0.086628854	0.005477309
370992	2.360602379	-7.018877029	0.969563603	0.086074658	0.00543642
372762	2.317558289	-7.034080505	0.969752908	0.083521768	0.005247116
373293	2.509514809	-7.038587093	0.969809353	0.082754508	0.00519067
373470	2.472789526	-7.040095329	0.969828486	0.082492992	0.005171537
373824	2.292845726	-7.043108463	0.969867527	0.081956483	0.005132496
374709	2.523633957	-7.050562382	0.969964087	0.080625646	0.005035937
375948	2.583367825	-7.060838223	0.970087171	0.078941934	0.004912853
376302	2.313355923	-7.063773632	0.970119059	0.078510664	0.004880965
376833	2.647361279	-7.068150043	0.970170438	0.077804424	0.004829586
377364	2.724728584	-7.072555065	0.970220864	0.0771107	0.00477916
377541	2.889804125	-7.07399559	0.970233202	0.076951012	0.004766822
378072	3.40699625	-7.078379631	0.970287979	0.076183334	0.004712045
378603	2.540306568	-7.08277607	0.970344961	0.075376973	0.004655063
379134	2.427307606	-7.087126255	0.970395923	0.074665129	0.004604101
379665	2.358032227	-7.091466427	0.970436633	0.074116997	0.004563391
380019	2.493603706	-7.094335556	0.970466554	0.073705114	0.00453347
380196	2.598969936	-7.095774174	0.970482469	0.073483236	0.004517555
380373	2.416941881	-7.097208977	0.970499277	0.073246516	0.004500747
380727	2.384729147	-7.100073338	0.970529079	0.072834313	0.004470944
382143	2.362010956	-7.111680031	0.970665932	0.070886046	0.004334092
382320	2.342871428	-7.113116741	0.970682323	0.070652813	0.004317701
382497	2.482241154	-7.114560127	0.970697224	0.070443705	0.0043028
382674	2.409348726	-7.116020679	0.970716536	0.07016208	0.004283488
383559	2.51324439	-7.123091698	0.97079128	0.069107018	0.004208744
383736	2.709689617	-7.124531746	0.970804453	0.068924375	0.004195571
383913	2.413058996	-7.125967979	0.970820606	0.068692513	0.004179418
384267	2.283181667	-7.128829002	0.970848262	0.068304405	0.004151762
384621	2.471542358	-7.131700993	0.97088474	0.067770019	0.004115283
384798	2.236733437	-7.133118153	0.970897794	0.067587793	0.00410223
384975	2.342669964	-7.134531021	0.970910072	0.067418091	0.004089952
385152	2.325998068	-7.135950565	0.970927179	0.067168549	0.004072845
385329	2.572091818	-7.137395859	0.970941961	0.066957049	0.004058063
385506	2.339078188	-7.138833046	0.970963061	0.066640995	0.004036963
386037	2.512385845	-7.143084526	0.971000135	0.066124216	0.003999889
386391	2.660214901	-7.145926952	0.971032143	0.065657914	0.003967881
386745	2.614390612	-7.148777962	0.971069753	0.06509769	0.003930271
387807	2.86207962	-7.157241344	0.971161187	0.063764632	0.003838837
387984	2.578984737	-7.158633709	0.971177638	0.063521378	0.003822386
388338	2.555598021	-7.161374092	0.971206009	0.063109368	0.003794014
388515	3.037252426	-7.162763596	0.971222639	0.062862314	0.003777385
388692	2.686855793	-7.164133072	0.971235752	0.062673539	0.003764272
388869	2.371867657	-7.165522099	0.971251607	0.062438838	0.003748417
389046	2.272540808	-7.166878223	0.971265614	0.06223467	0.00373441
389754	2.657947302	-7.172439098	0.971330881	0.061261263	0.003669143
390639	2.651972532	-7.17943716	0.971419275	0.059924241	0.003580749
391878	2.730570793	-7.188981533	0.971534431	0.058184128	0.003465593
392232	2.39593482	-7.191728115	0.971564412	0.057733528	0.003435612
392763	2.403638601	-7.195838451	0.971612036	0.05701106	0.003387988
393294	2.41458416	-7.199892521	0.971658289	0.05630929	0.003341734
393471	2.535359621	-7.201279163	0.97167784	0.056005184	0.003322184
393648	2.448217869	-7.202622414	0.971693695	0.055763066	0.003306329
394179	2.411011219	-7.206656933	0.971735239	0.055136822	0.003264785
394887	2.421220303	-7.212005615	0.971793354	0.054252476	0.00320667
397719	2.472788095	-7.233410358	0.972021878	0.050743319	0.002978146
398073	2.83454442	-7.236060619	0.972043574	0.050417565	0.00295645
398427	2.048372269	-7.238710403	0.972069502	0.05001884	0.002930522
399135	2.538771868	-7.244002342	0.972122073	0.049206585	0.002877951
399666	2.611162186	-7.248022079	0.972164333	0.048546653	0.002835691
400020	2.255574942	-7.250653267	0.972187638	0.048188962	0.002812386
401082	2.611151457	-7.258547306	0.972265005	0.046983261	0.002735019
401613	2.509847879	-7.262460709	0.972301722	0.046411417	0.002698302
401790	2.681401014	-7.263760567	0.972314835	0.046205368	0.002685189
402321	2.63691473	-7.267680168	0.972353935	0.045590036	0.002646089
402498	2.560848951	-7.268977642	0.972365022	0.045418069	0.002635002
403029	2.453484774	-7.272920132	0.972403109	0.044817761	0.002596915
403560	2.808808327	-7.276837349	0.9724406	0.04422592	0.002559423
403737	2.227642775	-7.278159618	0.972454011	0.044012439	0.002546012
404976	2.665085316	-7.287274361	0.97254771	0.042515241	0.002452314
405153	2.744729042	-7.288562775	0.972560465	0.042311445	0.002439559
405684	2.55963707	-7.292388439	0.972597122	0.041726794	0.002402902
405861	2.216642857	-7.293649197	0.972612321	0.041479748	0.002387702
406038	2.385750771	-7.294921875	0.972627223	0.041237652	0.002372801
406569	2.298050165	-7.298720837	0.972664237	0.040643774	0.002335787
406923	2.604131222	-7.301214695	0.972689271	0.04024066	0.002310753
407277	2.534769773	-7.303786278	0.972720563	0.039727695	0.00227946
407454	2.403943062	-7.30505228	0.97273165	0.039550357	0.002268374
407808	2.227101803	-7.307625771	0.972758651	0.039110918	0.002241373
408516	2.375422478	-7.312743664	0.972828627	0.03795037	0.002171397
408693	2.143092632	-7.314005375	0.972841561	0.037739307	0.002158463
409401	2.164524794	-7.319083214	0.972895026	0.036862802	0.002104998
409932	3.07208395	-7.322810173	0.972932816	0.036243796	0.002067208
410817	2.311649561	-7.329071999	0.973002076	0.035098031	0.001997948
411171	2.732058525	-7.331569195	0.973032355	0.034593005	0.001967669
411525	2.711232424	-7.334028721	0.973053753	0.034243345	0.00194627
411879	2.604299784	-7.336491108	0.973080993	0.033790186	0.001919031
412941	2.64235568	-7.343899727	0.973143876	0.03275831	0.001856148
413295	2.647173405	-7.346372128	0.973170042	0.032321159	0.001829982
413826	2.258277416	-7.350021839	0.973203301	0.031769913	0.001796722
414888	2.595462799	-7.357372284	0.973269284	0.030672517	0.00173074
415065	2.205603361	-7.358595371	0.973281384	0.030469503	0.00171864
415773	2.540267706	-7.363492966	0.973329127	0.029667342	0.001670897
417189	2.3773489	-7.373241425	0.973418415	0.028165171	0.001581609
417720	2.278851748	-7.376955032	0.97345835	0.027484195	0.001541674
418074	2.665168524	-7.379317284	0.973474383	0.0272182	0.00152564
418959	2.445706129	-7.385370731	0.973525941	0.026346097	0.001474082
419490	2.192680836	-7.388949394	0.973556161	0.025833884	0.001443863
420729	2.695502281	-7.397409439	0.973628342	0.024603823	0.001371682
420906	2.438061237	-7.398631096	0.973644137	0.024329131	0.001355886
423207	2.63147378	-7.414293766	0.973786771	0.021869181	0.001213253
423561	2.733641386	-7.416654587	0.973810315	0.021459635	0.001189709
424269	2.943278313	-7.421364784	0.973851919	0.020737704	0.001148105
424800	2.800727129	-7.424889088	0.973887503	0.020115586	0.001112521
425862	2.30812788	-7.431993008	0.973965764	0.018738633	0.00103426
426393	2.529972553	-7.435477734	0.974000275	0.018131655	0.000999749
427455	2.964539051	-7.442451477	0.97407341	0.016838944	0.000926614
427809	2.451528311	-7.444749832	0.974095345	0.016451234	0.000904679
427986	2.318931341	-7.445884705	0.974106848	0.016247412	0.000893176
428163	2.716492891	-7.447027683	0.974121273	0.015990296	0.000878751
428340	2.555408239	-7.448163033	0.974129915	0.015838241	0.000870109
429225	3.015901089	-7.453892708	0.974187851	0.014807877	0.000812173
429579	2.639528513	-7.456222057	0.974209607	0.014420597	0.000790417
430287	2.631941795	-7.460780144	0.974253893	0.01363025	0.000746131
431172	2.451144695	-7.466436863	0.974304616	0.012724026	0.000695407
432234	2.350747108	-7.473186016	0.974364161	0.011656701	0.000635862
432411	2.531515121	-7.474303722	0.974370182	0.011549981	0.000629842
432588	2.610012054	-7.4754529	0.974384069	0.011298864	0.000615954
433119	2.661679029	-7.478785515	0.974413931	0.010761206	0.000586092
433296	2.023079872	-7.479924679	0.974424779	0.010565325	0.000575244
433473	2.058675289	-7.48104763	0.974433482	0.010408738	0.000566542
433650	2.789627552	-7.482161045	0.974442899	0.010238901	0.000557125
434535	2.22237587	-7.487746716	0.974487901	0.00942643	0.000512123
436482	2.612369776	-7.499993324	0.974594593	0.007487641	0.000405431
436836	2.419426203	-7.502211094	0.974611998	0.00717052	0.000388026
437013	2.324411631	-7.50335598	0.974624217	0.006946803	0.000375807
437367	2.124854565	-7.505565643	0.974641621	0.006629043	0.000358403
438252	2.834320545	-7.511128902	0.974692166	0.005702625	0.000307858
438429	2.489818335	-7.512281418	0.974706531	0.005438143	0.000293493
438783	2.320817232	-7.514476299	0.97472018	0.005188285	0.000279844
439491	2.284637213	-7.518885612	0.974758804	0.004477438	0.00024122
440376	2.193329811	-7.524388313	0.974802315	0.003675118	0.000197709
440553	2.902516127	-7.525497437	0.974813223	0.003473361	0.000186801
440730	2.812656641	-7.526613712	0.974824965	0.003255965	0.000175059
442323	2.493335962	-7.536488056	9.75E-01	0.00179943	9.64999E-05
443739	2.619159222	-7.545454025	9.75E-01	3.45319E-05	1.84774E-06
443916	3.017459393	-7.546083927	9.75E-01	2.22848E-05	1.19209E-06
444093	2.65109086	-7.546631813	9.75E-01	1.78328E-05	9.53674E-07
444978	2.20849824	-7.55E+00	9.75E-01	2.34377E-05	1.2517E-06
446571	2.766477823	-7.56E+00	9.75E-01	4.47521E-06	2.38419E-07
446925	2.310934305	-7.56E+00	9.75E-01	2.57462E-05	1.37091E-06
447102	2.505102396	-7.56E+00	9.75E-01	2.35137E-05	1.2517E-06
448164	2.449922323	-7.56E+00	9.75E-01	4.4859E-06	2.38419E-07
448341	2.184093714	-7.56E+00	9.75E-01	1.4583E-05	7.7486E-07
448695	2.068939924	-7.56E+00	9.75E-01	8.97885E-06	4.76837E-07
448872	2.045238018	-7.56E+00	9.75E-01	4.4906E-05	2.38419E-06
449226	2.515323877	-7.57E+00	9.75E-01	5.27919E-05	2.80142E-06
449580	2.3925879	-7.57E+00	9.75E-01	1.7981E-05	9.53674E-07
449934	2.312371731	-7.57E+00	9.75E-01	6.74635E-06	3.57628E-07
450642	2.475471735	-7.57E+00	9.75E-01	2.7013E-05	1.43051E-06
450996	2.485349655	-7.572247982	0.974999011	1.91439E-05	1.01328E-06
451173	2.40947938	-7.57E+00	9.75E-01	3.71712E-05	1.96695E-06
451704	2.256639957	-7.57E+00	9.75E-01	3.38175E-05	1.78814E-06
451881	2.304505825	-7.58E+00	9.75E-01	3.3826E-06	1.78814E-07
452058	2.436883211	-7.58E+00	9.75E-01	2.70676E-05	1.43051E-06
452412	2.724972248	-7.58E+00	9.75E-01	7.89864E-06	4.17233E-07
452943	2.492114305	-7.58E+00	9.75E-01	1.5809E-05	8.34465E-07
453474	2.616938114	-7.58E+00	9.75E-01	6.7803E-06	3.57628E-07
454713	2.466111898	-7.59E+00	9.75E-01	4.30151E-05	2.26498E-06
455952	3.005789995	-7.59E+00	9.75E-01	3.51501E-05	1.84774E-06
456483	2.702373028	-7.59E+00	9.75E-01	1.92895E-05	1.01328E-06
456837	2.896548033	-7.59E+00	9.75E-01	5.56253E-05	2.92063E-06
457014	3.205860853	-7.60E+00	9.75E-01	0	0
457368	2.768285036	-7.60E+00	9.75E-01	2.84001E-05	1.49012E-06
458076	2.439774036	-7.60E+00	9.75E-01	1.81929E-05	9.53674E-07
458430	2.489669323	-7.60E+00	9.75E-01	6.82548E-06	3.57628E-07
458784	2.491459608	-7.60E+00	9.75E-01	1.82096E-05	9.53674E-07
459138	2.548618078	-7.60E+00	9.75E-01	1.13862E-05	5.96046E-07
459315	1.971034884	-7.60E+00	9.75E-01	1.02499E-05	5.36442E-07
460200	2.322768211	-7.61E+00	9.75E-01	2.85039E-05	1.49012E-06
461085	2.395091534	-7.61E+00	9.75E-01	2.05456E-05	1.07288E-06
461439	2.215396643	-7.61E+00	9.75E-01	4.5677E-05	2.38419E-06
461616	2.508062363	-7.61E+00	9.75E-01	1.02796E-05	5.36442E-07
462678	2.700701952	-7.62E+00	9.75E-01	1.0293E-05	5.36442E-07
462855	2.51290369	-7.62E+00	9.75E-01	1.83025E-05	9.53674E-07
463563	2.439044952	-7.62E+00	9.75E-01	8.01421E-06	4.17233E-07
463740	2.98021102	-7.62E+00	9.75E-01	1.14513E-05	5.96046E-07
464979	2.425134897	-7.62E+00	9.75E-01	1.94958E-05	1.01328E-06
466572	2.592413425	-7.63E+00	9.75E-01	2.06808E-05	1.07288E-06
468165	2.582983971	-7.63E+00	9.75E-01	3.10772E-05	1.60933E-06
468519	2.361549139	-7.64E+00	9.75E-01	3.10895E-05	1.60933E-06
469227	2.297173023	-7.637996197	0.974998951	2.07425E-05	1.07288E-06
469404	2.795552969	-7.64E+00	9.75E-01	3.22724E-05	1.66893E-06
470112	2.573282719	-7.64E+00	9.75E-01	1.49952E-05	7.7486E-07
471528	2.427408457	-7.65E+00	9.75E-01	1.15522E-05	5.96046E-07
471882	2.568339586	-7.65E+00	9.75E-01	0	0
472236	2.756283522	-7.65E+00	9.75E-01	1.84973E-05	9.53674E-07
473298	2.559550285	-7.65E+00	9.75E-01	2.43044E-05	1.2517E-06
474891	2.825165272	-7.66E+00	9.75E-01	1.97067E-05	1.01328E-06
475953	2.633090019	-7.66E+00	9.75E-01	1.04439E-05	5.36442E-07
476130	2.674395561	-7.66E+00	9.75E-01	8.12442E-06	4.17233E-07
476484	2.843293667	-7.66E+00	9.75E-01	1.50934E-05	7.7486E-07
477900	2.098908901	-7.67E+00	9.75E-01	3.4878E-06	1.78814E-07
478431	2.25412035	-7.67E+00	9.75E-01	9.30543E-06	4.76837E-07
478962	3.180882215	-7.67E+00	9.75E-01	1.16375E-05	5.96046E-07
479316	3.000313759	-7.67E+00	9.75E-01	0	0
479847	2.323070526	-7.67E+00	9.75E-01	1.97998E-05	1.01328E-06
480024	2.412020683	-7.67E+00	9.75E-01	2.44625E-05	1.2517E-06
480378	2.644051075	-7.67E+00	9.75E-01	6.99151E-06	3.57628E-07
480732	2.931652069	-7.68E+00	9.75E-01	2.91405E-05	1.49012E-06
481617	2.856964111	-7.68E+00	9.75E-01	3.4996E-06	1.78814E-07
481794	2.335860014	-7.68E+00	9.75E-01	1.51673E-05	7.7486E-07
481971	2.348187923	-7.68E+00	9.75E-01	1.51696E-05	7.7486E-07
482502	2.210144758	-7.68E+00	9.75E-01	1.51766E-05	7.7486E-07
483033	2.690373421	-7.68E+00	9.75E-01	7.00775E-06	3.57628E-07
483387	2.49843359	-7.68E+00	9.75E-01	2.33662E-05	1.19209E-06
484449	2.519634008	-7.69E+00	9.75E-01	1.16934E-05	5.96046E-07
484803	2.334158421	-7.69E+00	9.75E-01	8.18779E-06	4.17233E-07
484980	2.701085806	-7.69E+00	9.75E-01	3.27559E-05	1.66893E-06
485334	2.144540071	-7.69E+00	9.75E-01	2.69144E-05	1.37091E-06
485865	2.363152504	-7.69E+00	9.75E-01	8.19482E-06	4.17233E-07
486396	2.277330637	-7.69E+00	9.75E-01	2.81084E-05	1.43051E-06
486750	2.352878332	-7.69E+00	9.75E-01	8.20057E-06	4.17233E-07
487104	2.691295624	-7.69E+00	9.75E-01	3.5155E-05	1.78814E-06
487458	2.248557091	-7.70E+00	9.75E-01	1.17215E-05	5.96046E-07
487635	2.273229837	-7.70E+00	9.75E-01	2.34463E-06	1.19209E-07
488520	2.821497202	-7.70E+00	9.75E-01	2.46352E-05	1.2517E-06
489936	2.411337852	-7.70E+00	9.75E-01	1.29177E-05	6.55651E-07
491706	2.398838282	-7.71E+00	9.75E-01	2.82195E-05	1.43051E-06
492060	2.480410337	-7.71E+00	9.75E-01	5.52767E-05	2.80142E-06
492591	2.432943344	-7.71E+00	9.75E-01	0	0
493122	2.522430897	-7.71E+00	9.75E-01	1.17695E-06	5.96046E-08
493653	2.127686977	-7.72E+00	9.75E-01	8.24157E-06	4.17233E-07
494007	2.33647275	-7.72E+00	9.75E-01	1.88423E-05	9.53674E-07
494538	2.170149565	-7.72E+00	9.75E-01	2.4739E-05	1.2517E-06
494892	2.492486954	-7.72E+00	9.75E-01	2.12097E-05	1.07288E-06
495069	2.537494659	-7.72E+00	9.75E-01	2.3569E-06	1.19209E-07
495777	2.415598154	-7.72E+00	9.75E-01	2.00426E-05	1.01328E-06
496662	2.751920223	-7.72E+00	9.75E-01	2.35923E-06	1.19209E-07
497193	2.556514978	-7.73E+00	9.75E-01	0	0
497370	1.981951118	-7.73E+00	9.75E-01	6.60867E-05	3.33786E-06
497901	2.641970158	-7.73E+00	9.75E-01	2.12488E-05	1.07288E-06
498432	2.574189186	-7.73E+00	9.75E-01	8.26598E-06	4.17233E-07
498963	2.565406084	-7.73E+00	9.75E-01	3.54364E-06	1.78814E-07
499494	2.300822258	-7.73E+00	9.75E-01	2.00866E-05	1.01328E-06
500202	2.579684019	-7.73E+00	9.75E-01	9.45623E-06	4.76837E-07
501087	2.21963048	-7.74E+00	9.75E-01	2.36518E-06	1.19209E-07
501264	2.392000675	-7.74E+00	9.75E-01	1.1827E-05	5.96046E-07
501972	2.819190741	-7.74E+00	9.75E-01	2.36628E-06	1.19209E-07
502503	2.341525555	-7.74E+00	9.75E-01	3.31368E-05	1.66893E-06
503034	2.781318188	-7.74E+00	9.75E-01	3.19619E-05	1.60933E-06
503211	2.10923934	-7.74E+00	9.75E-01	1.30226E-05	6.55651E-07
503919	2.347966909	-7.75E+00	9.75E-01	1.89485E-05	9.53674E-07
504450	2.383909941	-7.75E+00	9.75E-01	1.06612E-05	5.36442E-07
504627	2.576603889	-7.75E+00	9.75E-01	3.31711E-05	1.66893E-06
504804	2.380926371	-7.75E+00	9.75E-01	1.89565E-05	9.53674E-07
505512	2.93778491	-7.75E+00	9.75E-01	1.54071E-05	7.7486E-07
506220	2.218855381	-7.75E+00	9.75E-01	1.18554E-05	5.96046E-07
506397	2.217351913	-7.753023624	0.974997103	5.80959E-05	2.92063E-06
506574	2.189599276	-7.75E+00	9.75E-01	1.18572E-06	5.96046E-08
506751	2.224564552	-7.75E+00	9.75E-01	1.66014E-05	8.34465E-07
507105	2.474440575	-7.76E+00	9.75E-01	1.06739E-05	5.36442E-07
507282	2.457657814	-7.76E+00	9.75E-01	1.5419E-05	7.7486E-07
507459	2.290397406	-7.76E+00	9.75E-01	4.03297E-05	2.02656E-06
508344	2.471814156	-7.76E+00	9.75E-01	2.3732E-05	1.19209E-06
509052	2.161996365	-7.76E+00	9.75E-01	8.30852E-06	4.17233E-07
509229	2.49646163	-7.76E+00	9.75E-01	3.56104E-06	1.78814E-07
509583	2.186769485	-7.76E+00	9.75E-01	3.56152E-06	1.78814E-07
510822	2.642466784	-7.77E+00	9.75E-01	1.18772E-06	5.96046E-08
510999	2.633198738	-7.77E+00	9.75E-01	2.01925E-05	1.01328E-06
511353	2.435091734	-7.77E+00	9.75E-01	1.18794E-05	5.96046E-07
511884	2.85312295	-7.77E+00	9.75E-01	2.01987E-05	1.01328E-06
512061	2.278891325	-7.77E+00	9.75E-01	2.37646E-06	1.19209E-07
512238	2.203791618	-7.77E+00	9.75E-01	8.31811E-06	4.17233E-07
512592	2.894907475	-7.77E+00	9.75E-01	4.75376E-06	2.38419E-07
513477	2.081623316	-7.77E+00	9.75E-01	2.97194E-05	1.49012E-06
514539	2.329772472	-7.78E+00	9.75E-01	1.54591E-05	7.7486E-07
514716	2.6703825	-7.78E+00	9.75E-01	3.32982E-05	1.66893E-06
514893	2.648542881	-7.78E+00	9.75E-01	8.32497E-06	4.17233E-07
515070	2.512869596	-7.78E+00	9.75E-01	2.49762E-05	1.2517E-06
515601	2.840851545	-7.78E+00	9.75E-01	8.32663E-06	4.17233E-07
516486	2.900089264	-7.78E+00	9.75E-01	4.7592E-06	2.38419E-07
517017	2.438961744	-7.78E+00	9.75E-01	4.75984E-06	2.38419E-07
517194	2.178776741	-7.78E+00	9.75E-01	1.19001E-05	5.96046E-07
518256	2.173342228	-7.79E+00	9.75E-01	2.38063E-05	1.19209E-06
518964	2.205765009	-7.79E+00	9.75E-01	4.76201E-06	2.38419E-07
519849	2.657310963	-7.791098118	0.974999249	1.54794E-05	7.7486E-07
521973	2.622741938	-7.80E+00	9.75E-01	2.38236E-05	1.19209E-06
522150	2.334563971	-7.80E+00	9.75E-01	1.31034E-05	6.55651E-07
524628	2.498401165	-7.80E+00	9.75E-01	4.7665E-06	2.38419E-07
525336	2.821950674	-7.81E+00	9.75E-01	1.31089E-05	6.55651E-07
525513	2.423707962	-7.81E+00	9.75E-01	4.76696E-06	2.38419E-07
525690	2.500777245	-7.81E+00	9.75E-01	1.19176E-06	5.96046E-08
525867	2.571649551	-7.81E+00	9.75E-01	8.34248E-06	4.17233E-07
526221	2.791202545	-7.81E+00	9.75E-01	1.311E-05	6.55651E-07
526752	2.459887028	-7.81E+00	9.75E-01	2.02619E-05	1.01328E-06
526929	2.523581982	-7.81E+00	9.75E-01	3.57567E-06	1.78814E-07
527637	2.747127056	-7.81E+00	9.75E-01	9.53561E-06	4.76837E-07
527991	2.388961077	-7.81E+00	9.75E-01	1.78797E-05	8.9407E-07
528699	2.204276323	-7.82E+00	9.75E-01	7.15213E-06	3.57628E-07
530469	2.147485018	-7.82E+00	9.75E-01	4.52992E-05	2.26498E-06
531000	2.450102329	-7.82E+00	9.75E-01	8.34464E-06	4.17233E-07
